id,account_id,project_id,date
2594,329,40,2022-04-01
2595,39,34,2022-04-01
2596,2,1,2022-04-01
2597,329,30,2022-04-01
2598,329,14,2022-04-01
2600,1,3,2022-04-01
2593,39,14,2022-04-01
2603,350,28,2022-04-01
4,164,5,2021-10-01
7,218,2,2021-10-01
8,218,10,2021-10-01
9,218,6,2021-10-01
10,75,1,2021-10-01
13,207,25,2021-10-01
11,218,5,2021-10-01
12,218,11,2021-10-01
14,219,14,2021-10-01
16,219,25,2021-10-01
17,219,17,2021-10-01
18,224,8,2021-10-01
19,224,6,2021-10-01
20,224,1,2021-10-01
21,224,2,2021-10-01
23,68,20,2021-10-01
24,219,5,2021-10-01
25,224,12,2021-10-01
26,71,2,2021-10-01
27,71,10,2021-10-01
28,78,15,2021-10-01
30,69,8,2021-10-01
31,204,5,2021-10-01
32,204,17,2021-10-01
35,207,5,2021-10-01
36,207,3,2021-10-01
37,207,6,2021-10-01
34,204,1,2021-10-01
38,208,8,2021-10-01
39,164,17,2021-10-01
41,78,5,2021-10-01
44,176,11,2021-10-01
46,212,15,2021-10-01
47,212,8,2021-10-01
48,212,2,2021-10-01
49,166,2,2021-10-01
50,166,17,2021-10-01
51,166,20,2021-10-01
42,78,11,2021-10-01
43,78,2,2021-10-01
55,207,1,2021-10-01
53,165,8,2021-10-01
57,212,10,2021-10-01
58,166,6,2021-10-01
60,111,6,2021-10-01
61,190,3,2021-10-01
62,190,17,2021-10-01
63,190,1,2021-10-01
64,190,8,2021-10-01
68,148,17,2021-10-01
69,81,1,2021-10-01
65,133,8,2021-10-01
67,70,1,2021-10-01
72,111,5,2021-10-01
74,81,2,2021-10-01
70,68,3,2021-10-01
71,77,3,2021-10-01
75,75,17,2021-10-01
78,138,2,2021-10-01
79,138,3,2021-10-01
81,145,3,2021-10-01
77,132,11,2021-10-01
80,165,1,2021-10-01
84,111,3,2021-10-01
82,72,12,2021-10-01
86,81,4,2021-10-01
88,84,10,2021-10-01
85,69,3,2021-10-01
90,138,8,2021-10-01
87,130,5,2021-10-01
89,77,1,2021-10-01
92,70,5,2021-10-01
93,69,1,2021-10-01
95,130,2,2021-10-01
96,140,8,2021-10-01
97,140,17,2021-10-01
98,69,5,2021-10-01
100,77,17,2021-10-01
101,133,2,2021-10-01
103,165,10,2021-10-01
104,94,10,2021-10-01
105,140,2,2021-10-01
107,87,8,2021-10-01
108,140,1,2021-10-01
109,132,3,2021-10-01
110,133,3,2021-10-01
112,70,17,2021-10-01
116,138,5,2021-10-01
115,77,2,2021-10-01
117,68,8,2021-10-01
118,68,6,2021-10-01
119,87,5,2021-10-01
121,130,17,2021-10-01
122,142,17,2021-10-01
126,148,8,2021-10-01
124,87,3,2021-10-01
125,190,10,2021-10-01
131,145,10,2021-10-01
129,87,1,2021-10-01
130,132,17,2021-10-01
132,70,2,2021-10-01
133,94,4,2021-10-01
135,94,1,2021-10-01
136,133,1,2021-10-01
137,229,5,2021-10-01
138,229,17,2021-10-01
139,229,8,2021-10-01
140,229,3,2021-10-01
142,230,8,2021-10-01
143,231,15,2021-10-01
144,231,2,2021-10-01
146,231,31,2021-10-01
145,231,23,2021-10-01
2606,157,47,2022-04-01
2526,157,47,2022-03-30
2608,218,2,2022-04-01
2609,218,10,2022-04-01
2610,218,6,2022-04-01
2611,75,1,2022-04-01
2613,218,5,2022-04-01
2607,164,5,2022-04-01
2614,218,11,2022-04-01
2615,219,14,2022-04-01
2616,219,8,2022-04-01
2617,219,25,2022-04-01
2618,224,8,2022-04-01
193,2,25,2021-10-01
199,157,30,2021-10-04
221,239,23,2021-10-13
2604,1,8,2022-04-01
181,200,23,2021-10-01
294,157,30,2021-11-01
296,39,12,2021-11-01
241,39,30,2021-10-20
2605,350,40,2022-04-01
297,39,44,2021-11-01
202,39,12,2021-10-04
319,200,23,2021-11-01
210,39,44,2021-10-07
300,184,17,2021-11-01
275,243,23,2021-10-26
292,2,25,2021-11-01
306,39,30,2021-11-01
233,184,17,2021-10-18
301,184,25,2021-11-01
234,184,25,2021-10-18
302,184,42,2021-11-01
235,184,42,2021-10-18
303,184,26,2021-11-01
236,184,26,2021-10-18
304,184,44,2021-11-01
237,184,44,2021-10-18
305,2,17,2021-11-01
238,2,17,2021-10-18
311,38,40,2021-11-01
312,38,31,2021-11-01
314,157,11,2021-11-01
316,200,1,2021-11-01
317,200,22,2021-11-01
189,38,40,2021-10-01
318,200,25,2021-11-01
190,38,31,2021-10-01
320,200,26,2021-11-01
322,164,5,2021-11-01
244,157,11,2021-10-20
325,218,2,2021-11-01
326,218,10,2021-11-01
176,200,1,2021-10-01
327,218,6,2021-11-01
178,200,22,2021-10-01
328,75,1,2021-11-01
179,200,25,2021-10-01
329,207,25,2021-11-01
330,218,5,2021-11-01
331,218,11,2021-11-01
182,200,26,2021-10-01
332,219,14,2021-11-01
333,219,8,2021-11-01
334,219,25,2021-11-01
335,219,17,2021-11-01
336,224,8,2021-11-01
337,224,6,2021-11-01
338,224,1,2021-11-01
339,224,2,2021-11-01
340,71,17,2021-11-01
341,68,20,2021-11-01
342,219,5,2021-11-01
343,224,12,2021-11-01
344,71,2,2021-11-01
345,71,10,2021-11-01
15,219,8,2021-10-01
346,78,15,2021-11-01
22,71,17,2021-10-01
29,75,25,2021-10-01
148,233,26,2021-10-01
150,233,34,2021-10-01
151,233,27,2021-10-01
152,233,29,2021-10-01
196,228,26,2021-10-04
198,228,25,2021-10-04
207,137,17,2021-10-06
208,137,25,2021-10-06
209,137,2,2021-10-06
222,239,17,2021-10-13
223,239,41,2021-10-13
224,239,26,2021-10-13
227,137,42,2021-10-14
248,242,40,2021-10-26
249,242,20,2021-10-26
250,242,37,2021-10-26
252,242,42,2021-10-26
253,235,3,2021-10-26
254,235,44,2021-10-26
255,244,40,2021-10-26
257,244,22,2021-10-26
258,245,10,2021-10-26
259,245,42,2021-10-26
260,245,23,2021-10-26
262,245,3,2021-10-26
263,243,22,2021-10-26
264,243,42,2021-10-26
265,246,44,2021-10-26
267,246,38,2021-10-26
268,246,26,2021-10-26
269,246,17,2021-10-26
270,247,14,2021-10-26
272,247,15,2021-10-26
273,247,21,2021-10-26
274,247,27,2021-10-26
277,248,30,2021-10-27
278,248,38,2021-10-27
279,248,35,2021-10-27
280,248,41,2021-10-27
288,249,25,2021-10-29
289,249,26,2021-10-29
290,249,31,2021-10-29
291,249,2,2021-10-29
348,69,8,2021-11-01
349,204,5,2021-11-01
350,204,17,2021-11-01
351,207,5,2021-11-01
352,207,3,2021-11-01
353,207,6,2021-11-01
354,204,3,2021-11-01
33,204,3,2021-10-01
355,204,1,2021-11-01
356,208,8,2021-11-01
357,164,17,2021-11-01
359,78,5,2021-11-01
360,176,11,2021-11-01
361,176,2,2021-11-01
45,176,2,2021-10-01
369,78,11,2021-11-01
2619,224,6,2022-04-01
2620,224,1,2022-04-01
2621,224,2,2022-04-01
2622,219,5,2022-04-01
2623,224,12,2022-04-01
52,166,8,2021-10-01
2624,71,2,2022-04-01
370,78,2,2021-11-01
371,207,1,2021-11-01
372,165,8,2021-11-01
59,212,25,2021-10-01
379,190,3,2021-11-01
380,190,17,2021-11-01
381,190,1,2021-11-01
383,190,8,2021-11-01
66,145,2,2021-10-01
385,81,1,2021-11-01
386,133,8,2021-11-01
387,70,1,2021-11-01
390,81,2,2021-11-01
73,111,11,2021-10-01
391,68,3,2021-11-01
392,77,3,2021-11-01
393,75,17,2021-11-01
396,130,10,2021-11-01
76,130,10,2021-10-01
398,132,11,2021-11-01
399,165,1,2021-11-01
401,72,12,2021-11-01
402,81,4,2021-11-01
403,137,8,2021-11-01
83,137,8,2021-10-01
405,69,3,2021-11-01
408,130,5,2021-11-01
410,81,17,2021-11-01
411,70,5,2021-11-01
94,81,17,2021-10-01
412,69,1,2021-11-01
413,130,2,2021-11-01
414,140,8,2021-11-01
415,140,17,2021-11-01
417,132,4,2021-11-01
419,77,17,2021-11-01
420,133,2,2021-11-01
99,132,4,2021-10-01
421,165,10,2021-11-01
422,94,10,2021-11-01
423,140,2,2021-11-01
425,87,8,2021-11-01
426,140,1,2021-11-01
427,132,3,2021-11-01
106,130,1,2021-10-01
428,133,3,2021-11-01
430,70,17,2021-11-01
431,165,4,2021-11-01
435,68,8,2021-11-01
436,68,6,2021-11-01
347,75,25,2021-11-01
437,87,5,2021-11-01
113,165,4,2021-10-01
438,69,17,2021-11-01
439,130,17,2021-11-01
440,142,17,2021-11-01
444,190,10,2021-11-01
445,75,8,2021-11-01
448,87,1,2021-11-01
120,69,17,2021-10-01
449,132,17,2021-11-01
450,70,2,2021-11-01
451,94,4,2021-11-01
454,133,1,2021-11-01
455,229,5,2021-11-01
456,229,17,2021-11-01
127,75,8,2021-10-01
457,229,8,2021-11-01
458,229,3,2021-11-01
459,229,1,2021-11-01
461,231,15,2021-11-01
462,231,2,2021-11-01
464,231,31,2021-11-01
465,231,32,2021-11-01
466,233,26,2021-11-01
467,233,15,2021-11-01
469,233,27,2021-11-01
470,233,29,2021-11-01
471,228,26,2021-11-01
141,229,1,2021-10-01
147,231,32,2021-10-01
149,233,15,2021-10-01
197,228,17,2021-10-04
474,137,17,2021-11-01
475,137,25,2021-11-01
476,137,2,2021-11-01
477,239,30,2021-11-01
479,239,17,2021-11-01
220,239,30,2021-10-13
480,239,41,2021-11-01
596,123,14,2021-11-30
482,165,37,2021-11-01
483,137,42,2021-11-01
2627,75,25,2022-04-01
484,242,40,2021-11-01
225,165,37,2021-10-13
485,242,20,2021-11-01
486,242,37,2021-11-01
487,242,12,2021-11-01
489,235,3,2021-11-01
490,235,44,2021-11-01
251,242,12,2021-10-26
491,244,40,2021-11-01
492,243,4,2021-11-01
493,244,22,2021-11-01
494,245,10,2021-11-01
496,245,23,2021-11-01
256,243,4,2021-10-26
497,245,15,2021-11-01
498,245,3,2021-11-01
499,243,22,2021-11-01
2628,69,8,2022-04-01
500,243,42,2021-11-01
501,246,44,2021-11-01
261,245,15,2021-10-26
503,246,38,2021-11-01
504,246,26,2021-11-01
505,246,17,2021-11-01
506,247,14,2021-11-01
507,247,17,2021-11-01
266,246,12,2021-10-26
508,247,15,2021-11-01
510,247,27,2021-11-01
512,248,15,2021-11-01
513,248,30,2021-11-01
514,248,38,2021-11-01
271,247,17,2021-10-26
515,248,35,2021-11-01
516,248,41,2021-11-01
2629,204,5,2022-04-01
519,249,26,2021-11-01
520,249,31,2021-11-01
276,248,15,2021-10-27
521,249,2,2021-11-01
523,251,8,2021-11-02
524,251,22,2021-11-02
525,251,41,2021-11-02
527,251,42,2021-11-02
2633,204,3,2022-04-01
597,123,3,2021-11-30
2625,71,10,2022-04-01
533,250,42,2021-11-04
534,250,8,2021-11-04
535,250,44,2021-11-04
536,250,14,2021-11-04
2626,78,15,2022-04-01
287,249,23,2021-10-29
590,123,8,2021-11-30
591,123,40,2021-11-30
592,123,30,2021-11-30
593,123,15,2021-11-30
594,123,10,2021-11-30
595,123,12,2021-11-30
598,123,4,2021-11-30
599,123,21,2021-11-30
600,123,20,2021-11-30
601,123,27,2021-11-30
602,123,11,2021-11-30
603,123,22,2021-11-30
604,123,31,2021-11-30
605,123,32,2021-11-30
606,123,33,2021-11-30
607,123,34,2021-11-30
608,123,35,2021-11-30
609,123,38,2021-11-30
610,123,37,2021-11-30
611,123,44,2021-11-30
612,123,2,2021-11-30
613,123,17,2021-11-30
614,123,6,2021-11-30
615,123,28,2021-11-30
616,123,29,2021-11-30
617,123,39,2021-11-30
618,123,5,2021-11-30
619,123,45,2021-11-30
620,123,47,2021-11-30
621,123,1,2021-11-30
622,123,42,2021-11-30
623,123,23,2021-11-30
624,123,26,2021-11-30
625,123,25,2021-11-30
626,123,41,2021-11-30
566,259,4,2021-11-18
628,259,11,2021-12-01
567,259,11,2021-11-18
629,2,25,2021-12-01
627,259,4,2021-12-01
554,39,41,2021-11-15
556,1,17,2021-11-16
559,1,8,2021-11-16
560,1,10,2021-11-16
579,38,17,2021-11-24
588,157,12,2021-11-29
472,228,17,2021-11-01
537,250,40,2021-11-04
539,253,33,2021-11-04
540,253,2,2021-11-04
541,253,42,2021-11-04
542,253,47,2021-11-04
544,244,42,2021-11-05
545,244,23,2021-11-05
553,254,10,2021-11-12
463,231,23,2021-11-01
511,243,23,2021-11-01
517,249,23,2021-11-01
583,201,2,2021-11-25
584,201,22,2021-11-25
587,201,5,2021-11-25
570,263,34,2021-11-22
571,262,41,2021-11-23
574,264,14,2021-11-23
632,39,12,2021-12-01
633,39,44,2021-12-01
634,200,23,2021-12-01
635,184,17,2021-12-01
636,184,25,2021-12-01
637,184,42,2021-12-01
638,184,26,2021-12-01
639,184,44,2021-12-01
640,2,17,2021-12-01
2638,78,11,2022-04-01
2634,204,1,2022-04-01
2635,78,5,2022-04-01
644,38,40,2021-12-01
645,38,31,2021-12-01
646,157,11,2021-12-01
647,200,1,2021-12-01
648,200,22,2021-12-01
649,200,25,2021-12-01
650,200,26,2021-12-01
652,39,41,2021-12-01
2639,78,2,2022-04-01
641,39,30,2021-12-01
653,1,17,2021-12-01
654,1,5,2021-12-01
558,1,5,2021-11-16
655,1,8,2021-12-01
656,1,10,2021-12-01
658,38,17,2021-12-01
630,157,30,2021-12-01
659,38,38,2021-12-01
581,38,38,2021-11-24
661,157,12,2021-12-01
663,164,5,2021-12-01
666,218,2,2021-12-01
667,218,10,2021-12-01
668,218,6,2021-12-01
669,75,1,2021-12-01
670,207,25,2021-12-01
671,218,5,2021-12-01
672,218,11,2021-12-01
673,219,14,2021-12-01
674,219,8,2021-12-01
675,219,25,2021-12-01
676,219,17,2021-12-01
677,224,8,2021-12-01
678,224,6,2021-12-01
679,224,1,2021-12-01
680,224,2,2021-12-01
681,71,17,2021-12-01
683,219,5,2021-12-01
684,224,12,2021-12-01
685,71,2,2021-12-01
686,71,10,2021-12-01
687,78,15,2021-12-01
688,75,25,2021-12-01
689,69,8,2021-12-01
690,204,5,2021-12-01
691,204,17,2021-12-01
692,207,5,2021-12-01
693,207,3,2021-12-01
694,207,6,2021-12-01
695,204,3,2021-12-01
696,204,1,2021-12-01
697,208,8,2021-12-01
698,164,17,2021-12-01
700,78,5,2021-12-01
701,176,11,2021-12-01
702,176,2,2021-12-01
703,78,11,2021-12-01
704,78,2,2021-12-01
705,207,1,2021-12-01
709,190,3,2021-12-01
710,190,17,2021-12-01
711,190,1,2021-12-01
712,190,8,2021-12-01
713,81,1,2021-12-01
714,133,8,2021-12-01
715,70,1,2021-12-01
716,81,2,2021-12-01
718,77,3,2021-12-01
719,75,17,2021-12-01
720,130,10,2021-12-01
721,132,11,2021-12-01
723,72,12,2021-12-01
724,81,4,2021-12-01
725,137,8,2021-12-01
727,130,5,2021-12-01
728,77,1,2021-12-01
729,81,17,2021-12-01
730,70,5,2021-12-01
731,69,1,2021-12-01
732,130,2,2021-12-01
734,140,17,2021-12-01
735,69,5,2021-12-01
736,132,4,2021-12-01
737,77,17,2021-12-01
738,133,2,2021-12-01
409,77,1,2021-11-01
740,94,10,2021-12-01
742,130,1,2021-12-01
743,87,8,2021-12-01
744,140,1,2021-12-01
745,132,3,2021-12-01
746,133,3,2021-12-01
747,70,17,2021-12-01
416,69,5,2021-11-01
752,87,5,2021-12-01
753,69,17,2021-12-01
754,130,17,2021-12-01
755,142,17,2021-12-01
756,87,3,2021-12-01
757,190,10,2021-12-01
759,87,1,2021-12-01
424,130,1,2021-11-01
760,132,17,2021-12-01
761,70,2,2021-12-01
762,94,4,2021-12-01
763,94,1,2021-12-01
764,133,1,2021-12-01
434,77,2,2021-11-01
443,87,3,2021-11-01
453,94,1,2021-11-01
768,229,3,2021-12-01
769,229,1,2021-12-01
771,231,15,2021-12-01
460,230,8,2021-11-01
881,157,37,2021-12-01
772,231,2,2021-12-01
773,231,31,2021-12-01
774,231,32,2021-12-01
775,233,26,2021-12-01
776,233,15,2021-12-01
777,233,34,2021-12-01
468,233,34,2021-11-01
778,233,27,2021-12-01
779,233,29,2021-12-01
780,228,26,2021-12-01
781,228,17,2021-12-01
782,228,25,2021-12-01
473,228,25,2021-11-01
783,137,17,2021-12-01
784,137,25,2021-12-01
785,137,2,2021-12-01
786,239,30,2021-12-01
787,239,17,2021-12-01
788,239,41,2021-12-01
789,239,26,2021-12-01
481,239,26,2021-11-01
791,137,42,2021-12-01
766,229,17,2021-12-01
792,242,40,2021-12-01
793,242,20,2021-12-01
794,242,37,2021-12-01
795,242,12,2021-12-01
796,242,42,2021-12-01
488,242,42,2021-11-01
797,235,3,2021-12-01
798,235,44,2021-12-01
799,244,40,2021-12-01
800,243,4,2021-12-01
801,244,22,2021-12-01
802,245,10,2021-12-01
803,245,42,2021-12-01
495,245,42,2021-11-01
804,245,23,2021-12-01
805,245,15,2021-12-01
806,245,3,2021-12-01
807,243,22,2021-12-01
808,243,42,2021-12-01
814,247,14,2021-12-01
767,229,8,2021-12-01
502,246,12,2021-11-01
815,247,17,2021-12-01
816,247,15,2021-12-01
817,247,21,2021-12-01
818,247,27,2021-12-01
819,248,15,2021-12-01
820,248,30,2021-12-01
821,248,38,2021-12-01
509,247,21,2021-11-01
822,248,35,2021-12-01
823,248,41,2021-12-01
828,251,8,2021-12-01
829,251,22,2021-12-01
830,251,41,2021-12-01
831,251,44,2021-12-01
832,251,42,2021-12-01
518,249,25,2021-11-01
833,250,42,2021-12-01
834,250,8,2021-12-01
835,250,44,2021-12-01
836,250,14,2021-12-01
837,250,40,2021-12-01
838,253,10,2021-12-01
839,253,33,2021-12-01
526,251,44,2021-11-02
840,253,2,2021-12-01
841,253,42,2021-12-01
842,253,47,2021-12-01
843,244,35,2021-12-01
844,244,42,2021-12-01
845,244,23,2021-12-01
846,254,10,2021-12-01
538,253,10,2021-11-04
847,231,23,2021-12-01
848,239,23,2021-12-01
849,243,23,2021-12-01
851,201,2,2021-12-01
852,201,22,2021-12-01
543,244,35,2021-11-05
853,201,26,2021-12-01
855,201,5,2021-12-01
869,94,40,2021-12-01
870,94,3,2021-12-01
871,92,10,2021-12-01
478,239,23,2021-11-01
872,92,42,2021-12-01
873,92,12,2021-12-01
874,92,22,2021-12-01
875,92,31,2021-12-01
876,267,33,2021-12-01
585,201,26,2021-11-25
877,267,10,2021-12-01
878,267,22,2021-12-01
879,267,5,2021-12-01
857,262,41,2021-12-01
858,264,10,2021-12-01
573,264,10,2021-11-23
859,264,14,2021-12-01
860,264,21,2021-12-01
575,264,21,2021-11-23
861,264,11,2021-12-01
576,264,11,2021-11-23
863,266,17,2021-12-01
577,264,5,2021-11-23
864,266,47,2021-12-01
856,263,34,2021-12-01
865,266,34,2021-12-01
866,266,41,2021-12-01
867,266,6,2021-12-01
884,268,2,2021-12-01
885,268,32,2021-12-01
886,268,35,2021-12-01
887,268,8,2021-12-01
889,269,45,2021-12-02
890,269,17,2021-12-02
891,272,32,2021-12-02
892,271,5,2021-12-02
2641,190,3,2022-04-01
947,177,8,2021-12-03
948,177,5,2021-12-03
949,177,42,2021-12-03
950,177,22,2021-12-03
951,177,3,2021-12-03
952,228,8,2021-12-03
1006,298,44,2021-12-10
1007,298,40,2021-12-10
1008,298,17,2021-12-10
1009,298,14,2021-12-10
1011,204,44,2021-12-13
1012,300,42,2021-12-13
1013,300,10,2021-12-13
1014,300,25,2021-12-13
1016,300,33,2021-12-13
1020,304,17,2021-12-14
1021,304,26,2021-12-14
1022,304,41,2021-12-14
1024,304,2,2021-12-14
1047,201,33,2021-12-21
1048,78,27,2021-12-21
894,271,32,2021-12-02
896,269,35,2021-12-02
897,271,31,2021-12-02
898,272,2,2021-12-02
899,274,35,2021-12-02
901,274,30,2021-12-02
902,272,23,2021-12-02
903,274,34,2021-12-02
904,272,42,2021-12-02
906,274,26,2021-12-02
907,272,3,2021-12-02
908,271,42,2021-12-02
909,275,32,2021-12-02
911,275,2,2021-12-02
912,275,34,2021-12-02
913,275,3,2021-12-02
914,278,44,2021-12-02
916,278,25,2021-12-02
917,278,31,2021-12-02
918,278,38,2021-12-02
919,280,44,2021-12-02
921,280,34,2021-12-02
922,280,39,2021-12-02
923,280,6,2021-12-02
924,281,10,2021-12-02
926,281,25,2021-12-02
927,281,5,2021-12-02
928,281,42,2021-12-02
929,276,17,2021-12-03
931,276,41,2021-12-03
932,283,27,2021-12-03
933,284,15,2021-12-03
934,284,14,2021-12-03
936,284,17,2021-12-03
937,284,32,2021-12-03
938,283,20,2021-12-03
939,285,34,2021-12-03
941,283,41,2021-12-03
942,285,33,2021-12-03
943,283,44,2021-12-03
944,285,2,2021-12-03
946,285,21,2021-12-03
954,286,42,2021-12-06
955,286,2,2021-12-06
956,286,3,2021-12-06
958,286,5,2021-12-06
959,287,41,2021-12-06
960,287,17,2021-12-06
961,287,45,2021-12-06
963,287,2,2021-12-06
964,288,42,2021-12-06
965,288,2,2021-12-06
966,288,6,2021-12-06
968,288,25,2021-12-06
969,289,45,2021-12-06
970,289,4,2021-12-06
971,289,30,2021-12-06
973,289,2,2021-12-06
974,290,34,2021-12-06
975,290,39,2021-12-06
976,290,11,2021-12-06
978,290,27,2021-12-06
979,291,27,2021-12-06
980,291,41,2021-12-06
981,291,1,2021-12-06
983,291,17,2021-12-06
984,292,41,2021-12-06
985,292,47,2021-12-06
986,292,17,2021-12-06
988,292,38,2021-12-06
990,294,42,2021-12-07
991,294,31,2021-12-07
992,294,2,2021-12-07
994,294,8,2021-12-07
995,295,25,2021-12-07
996,295,27,2021-12-07
997,295,26,2021-12-07
999,295,33,2021-12-07
1001,296,17,2021-12-09
1002,296,47,2021-12-09
1003,296,41,2021-12-09
1005,296,2,2021-12-09
1026,305,17,2021-12-16
1027,305,34,2021-12-16
1028,305,5,2021-12-16
1030,306,41,2021-12-16
1031,306,42,2021-12-16
1032,306,33,2021-12-16
1033,307,47,2021-12-16
1035,307,42,2021-12-16
1036,307,26,2021-12-16
1037,307,8,2021-12-16
1038,306,3,2021-12-16
1040,305,42,2021-12-17
1041,273,47,2021-12-17
1042,273,25,2021-12-17
1043,273,17,2021-12-17
1049,309,11,2021-12-22
1050,309,10,2021-12-22
1051,309,17,2021-12-22
1052,309,25,2021-12-22
1054,310,41,2021-12-23
2642,190,1,2022-04-01
1061,123,8,2021-12-31
1062,123,40,2021-12-31
1063,123,30,2021-12-31
1064,123,15,2021-12-31
1065,123,10,2021-12-31
1066,123,12,2021-12-31
1067,123,14,2021-12-31
1068,123,3,2021-12-31
1069,123,4,2021-12-31
1070,123,21,2021-12-31
1071,123,20,2021-12-31
1072,123,27,2021-12-31
1073,123,11,2021-12-31
1074,123,22,2021-12-31
1075,123,31,2021-12-31
1076,123,32,2021-12-31
1077,123,33,2021-12-31
1078,123,34,2021-12-31
1079,123,35,2021-12-31
1080,123,38,2021-12-31
1081,123,37,2021-12-31
1082,123,44,2021-12-31
1083,123,2,2021-12-31
1084,123,17,2021-12-31
1085,123,6,2021-12-31
1086,123,28,2021-12-31
1087,123,29,2021-12-31
1088,123,39,2021-12-31
1089,123,5,2021-12-31
1090,123,45,2021-12-31
1091,123,47,2021-12-31
1092,123,1,2021-12-31
1093,123,42,2021-12-31
1094,123,23,2021-12-31
1095,123,26,2021-12-31
1096,123,25,2021-12-31
1097,123,41,2021-12-31
1099,259,11,2022-01-01
1100,2,25,2022-01-01
1103,39,12,2022-01-01
1098,259,4,2022-01-01
1104,39,44,2022-01-01
1105,200,23,2022-01-01
1106,184,17,2022-01-01
1107,184,25,2022-01-01
1108,184,42,2022-01-01
1109,184,26,2022-01-01
1110,184,44,2022-01-01
1111,2,17,2022-01-01
1115,38,40,2022-01-01
1116,38,31,2022-01-01
1117,157,11,2022-01-01
1118,200,1,2022-01-01
1119,200,22,2022-01-01
1120,200,25,2022-01-01
1121,200,26,2022-01-01
1122,39,41,2022-01-01
1123,1,17,2022-01-01
1124,1,5,2022-01-01
1125,1,8,2022-01-01
1126,1,10,2022-01-01
1127,38,17,2022-01-01
1128,38,38,2022-01-01
1129,157,12,2022-01-01
1130,157,37,2022-01-01
1134,164,5,2022-01-01
1137,218,2,2022-01-01
1138,218,10,2022-01-01
1139,218,6,2022-01-01
1140,75,1,2022-01-01
1141,207,25,2022-01-01
1142,218,5,2022-01-01
1143,218,11,2022-01-01
1144,219,14,2022-01-01
1145,219,8,2022-01-01
1146,219,25,2022-01-01
1147,219,17,2022-01-01
1148,224,8,2022-01-01
1149,224,6,2022-01-01
1150,224,1,2022-01-01
1151,224,2,2022-01-01
1152,71,17,2022-01-01
1153,219,5,2022-01-01
1154,224,12,2022-01-01
1155,71,2,2022-01-01
1156,71,10,2022-01-01
1157,78,15,2022-01-01
1158,75,25,2022-01-01
1159,69,8,2022-01-01
1160,204,5,2022-01-01
1161,204,17,2022-01-01
1162,207,5,2022-01-01
1163,207,3,2022-01-01
1164,207,6,2022-01-01
1165,204,3,2022-01-01
1166,204,1,2022-01-01
1167,208,8,2022-01-01
1168,164,17,2022-01-01
1170,78,5,2022-01-01
1171,176,11,2022-01-01
1172,176,2,2022-01-01
1173,78,11,2022-01-01
1174,78,2,2022-01-01
1175,207,1,2022-01-01
1176,190,3,2022-01-01
1178,190,1,2022-01-01
1179,190,8,2022-01-01
1180,81,1,2022-01-01
1181,133,8,2022-01-01
1182,70,1,2022-01-01
1183,81,2,2022-01-01
1185,75,17,2022-01-01
1186,130,10,2022-01-01
1187,132,11,2022-01-01
1188,72,12,2022-01-01
1189,81,4,2022-01-01
1190,137,8,2022-01-01
1192,130,5,2022-01-01
1193,77,1,2022-01-01
1194,81,17,2022-01-01
1195,70,5,2022-01-01
1196,69,1,2022-01-01
1197,130,2,2022-01-01
726,69,3,2021-12-01
733,140,8,2021-12-01
1056,310,44,2021-12-23
1057,310,25,2021-12-23
1058,310,8,2021-12-23
1200,69,5,2022-01-01
1201,132,4,2022-01-01
1202,77,17,2022-01-01
1203,133,2,2022-01-01
1204,94,10,2022-01-01
1205,140,2,2022-01-01
1207,87,8,2022-01-01
741,140,2,2021-12-01
1208,140,1,2022-01-01
1209,132,3,2022-01-01
1210,133,3,2022-01-01
1211,70,17,2022-01-01
1212,77,2,2022-01-01
1214,69,17,2022-01-01
1215,130,17,2022-01-01
749,77,2,2021-12-01
1216,142,17,2022-01-01
1217,87,3,2022-01-01
1218,190,10,2022-01-01
1219,75,8,2022-01-01
1221,132,17,2022-01-01
1222,70,2,2022-01-01
1223,94,4,2022-01-01
758,75,8,2021-12-01
1224,94,1,2022-01-01
1225,133,1,2022-01-01
1226,229,5,2022-01-01
1228,229,8,2022-01-01
1229,229,3,2022-01-01
1230,229,1,2022-01-01
1231,231,15,2022-01-01
765,229,5,2021-12-01
1232,231,2,2022-01-01
1233,231,31,2022-01-01
1235,233,26,2022-01-01
1236,233,15,2022-01-01
1237,233,34,2022-01-01
1238,233,27,2022-01-01
1239,233,29,2022-01-01
1240,228,26,2022-01-01
1242,228,25,2022-01-01
1243,137,17,2022-01-01
1244,137,25,2022-01-01
1245,137,2,2022-01-01
1246,239,30,2022-01-01
1247,239,17,2022-01-01
1249,239,26,2022-01-01
1250,137,42,2022-01-01
1251,242,40,2022-01-01
1252,242,20,2022-01-01
1253,242,37,2022-01-01
1254,242,12,2022-01-01
1256,235,3,2022-01-01
1257,235,44,2022-01-01
1258,244,40,2022-01-01
1259,243,4,2022-01-01
1260,244,22,2022-01-01
1261,245,10,2022-01-01
1263,245,23,2022-01-01
1264,245,15,2022-01-01
1265,245,3,2022-01-01
1266,243,22,2022-01-01
1267,243,42,2022-01-01
1268,247,14,2022-01-01
1270,247,15,2022-01-01
1271,247,21,2022-01-01
1272,247,27,2022-01-01
1273,248,15,2022-01-01
1274,248,30,2022-01-01
1275,248,38,2022-01-01
1277,248,41,2022-01-01
1278,251,8,2022-01-01
1279,251,22,2022-01-01
1280,251,41,2022-01-01
1281,251,44,2022-01-01
1282,251,42,2022-01-01
1284,250,8,2022-01-01
1285,250,44,2022-01-01
1286,250,14,2022-01-01
1287,250,40,2022-01-01
1288,253,10,2022-01-01
1289,253,33,2022-01-01
1291,253,42,2022-01-01
1292,253,47,2022-01-01
1293,244,35,2022-01-01
1294,244,42,2022-01-01
1295,244,23,2022-01-01
1296,254,10,2022-01-01
1298,239,23,2022-01-01
1299,243,23,2022-01-01
1300,201,2,2022-01-01
1301,201,22,2022-01-01
1302,201,26,2022-01-01
1303,201,5,2022-01-01
1305,94,3,2022-01-01
1306,92,10,2022-01-01
1307,92,42,2022-01-01
1308,92,12,2022-01-01
1309,92,22,2022-01-01
1310,92,31,2022-01-01
1312,267,10,2022-01-01
1313,267,22,2022-01-01
1314,267,5,2022-01-01
1315,267,8,2022-01-01
1316,177,8,2022-01-01
1317,177,5,2022-01-01
1319,177,22,2022-01-01
1320,177,3,2022-01-01
1321,228,8,2022-01-01
1322,228,44,2022-01-01
1323,298,44,2022-01-01
1324,298,40,2022-01-01
1326,298,14,2022-01-01
1327,298,32,2022-01-01
1328,204,44,2022-01-01
1329,300,42,2022-01-01
1330,300,10,2022-01-01
1331,300,25,2022-01-01
1333,300,33,2022-01-01
880,267,8,2021-12-01
953,228,44,2021-12-03
1010,298,32,2021-12-10
1015,300,26,2021-12-13
1198,140,8,2022-01-01
1336,304,41,2022-01-01
1337,304,38,2022-01-01
1023,304,38,2021-12-14
1338,304,2,2022-01-01
1339,201,33,2022-01-01
1340,78,27,2022-01-01
1341,263,34,2022-01-01
1343,264,10,2022-01-01
1344,264,14,2022-01-01
1345,264,21,2022-01-01
1346,264,11,2022-01-01
1347,264,5,2022-01-01
1348,266,17,2022-01-01
862,264,5,2021-12-01
1350,266,34,2022-01-01
1351,266,41,2022-01-01
1352,266,6,2022-01-01
1353,268,27,2022-01-01
1354,268,2,2022-01-01
1355,268,32,2022-01-01
883,268,27,2021-12-01
1357,268,8,2022-01-01
1358,269,34,2022-01-01
1359,269,45,2022-01-01
1360,269,17,2022-01-01
1361,272,32,2022-01-01
888,269,34,2021-12-02
1362,271,5,2022-01-01
1364,271,32,2022-01-01
1365,271,14,2022-01-01
1366,269,35,2022-01-01
1367,271,31,2022-01-01
893,269,41,2021-12-02
1368,272,2,2022-01-01
1369,274,35,2022-01-01
895,271,14,2021-12-02
1371,274,30,2022-01-01
1372,272,23,2022-01-01
1373,274,34,2022-01-01
1374,272,42,2022-01-01
1375,274,39,2022-01-01
900,273,26,2021-12-02
1376,274,26,2022-01-01
1378,271,42,2022-01-01
1379,275,32,2022-01-01
1380,275,29,2022-01-01
1381,275,2,2022-01-01
905,274,39,2021-12-02
1382,275,34,2022-01-01
1383,275,3,2022-01-01
1385,278,42,2022-01-01
1386,278,25,2022-01-01
1387,278,31,2022-01-01
910,275,29,2021-12-02
1388,278,38,2022-01-01
1389,280,44,2022-01-01
1390,280,42,2022-01-01
1392,280,39,2022-01-01
1393,280,6,2022-01-01
915,278,42,2021-12-02
1394,281,10,2022-01-01
1395,281,26,2022-01-01
1396,281,25,2022-01-01
1397,281,5,2022-01-01
1399,276,17,2022-01-01
920,280,42,2021-12-02
1400,276,34,2022-01-01
1401,276,41,2022-01-01
1402,283,27,2022-01-01
1403,284,15,2022-01-01
1404,284,14,2022-01-01
925,281,26,2021-12-02
1406,284,17,2022-01-01
1407,284,32,2022-01-01
1408,283,20,2022-01-01
1409,285,34,2022-01-01
1410,285,45,2022-01-01
930,276,34,2021-12-03
1411,283,41,2022-01-01
1413,283,44,2022-01-01
1414,285,2,2022-01-01
1415,283,21,2022-01-01
1416,285,21,2022-01-01
935,284,31,2021-12-03
1417,286,42,2022-01-01
1418,286,2,2022-01-01
1420,286,25,2022-01-01
1421,286,5,2022-01-01
1422,287,41,2022-01-01
940,285,45,2021-12-03
1423,287,17,2022-01-01
1424,287,45,2022-01-01
1425,287,6,2022-01-01
1427,288,42,2022-01-01
1428,288,2,2022-01-01
945,283,21,2021-12-03
1429,288,6,2022-01-01
1430,288,17,2022-01-01
1431,288,25,2022-01-01
1432,289,45,2022-01-01
1434,289,30,2022-01-01
957,286,25,2021-12-06
1435,289,27,2022-01-01
1436,289,2,2022-01-01
1437,290,34,2022-01-01
1438,290,39,2022-01-01
1439,290,11,2022-01-01
962,287,6,2021-12-06
1441,290,27,2022-01-01
1442,291,27,2022-01-01
1443,291,41,2022-01-01
1444,291,1,2022-01-01
1445,291,34,2022-01-01
967,288,17,2021-12-06
1446,291,17,2022-01-01
1448,292,47,2022-01-01
1449,292,17,2022-01-01
1450,292,33,2022-01-01
1451,292,38,2022-01-01
972,289,27,2021-12-06
1452,294,42,2022-01-01
1453,294,31,2022-01-01
977,290,35,2021-12-06
982,291,34,2021-12-06
987,292,33,2021-12-06
1334,304,17,2022-01-01
993,294,25,2021-12-07
1456,294,8,2022-01-01
1457,295,25,2022-01-01
1458,295,27,2022-01-01
1459,295,26,2022-01-01
1460,295,34,2022-01-01
998,295,34,2021-12-07
1462,296,17,2022-01-01
1463,296,47,2022-01-01
1464,296,41,2022-01-01
1465,296,27,2022-01-01
1466,296,2,2022-01-01
1004,296,27,2021-12-09
1467,305,17,2022-01-01
1469,305,5,2022-01-01
1470,306,25,2022-01-01
1471,306,41,2022-01-01
1472,306,42,2022-01-01
1029,306,25,2021-12-16
1473,306,33,2022-01-01
1474,307,47,2022-01-01
1476,307,42,2022-01-01
1477,307,26,2022-01-01
1478,307,8,2022-01-01
1034,307,17,2021-12-16
1479,306,3,2022-01-01
1480,305,22,2022-01-01
1481,305,42,2022-01-01
1483,273,25,2022-01-01
1484,273,17,2022-01-01
1039,305,22,2021-12-17
1485,273,44,2022-01-01
1486,309,11,2022-01-01
1487,309,10,2022-01-01
1488,309,17,2022-01-01
1490,309,41,2022-01-01
1044,273,44,2021-12-17
1491,310,41,2022-01-01
1492,310,17,2022-01-01
1493,310,44,2022-01-01
1494,310,25,2022-01-01
1495,310,8,2022-01-01
1053,309,41,2021-12-22
1527,326,27,2022-01-25
1528,326,17,2022-01-25
1055,310,17,2021-12-23
1529,326,2,2022-01-25
1530,326,26,2022-01-25
1531,326,45,2022-01-25
1575,259,4,2022-02-01
1538,123,8,2022-01-31
1539,123,30,2022-01-31
1540,123,40,2022-01-31
1541,123,10,2022-01-31
1542,123,15,2022-01-31
1543,123,12,2022-01-31
1544,123,14,2022-01-31
1545,123,20,2022-01-31
1546,123,21,2022-01-31
1547,123,11,2022-01-31
1548,123,22,2022-01-31
1549,123,32,2022-01-31
1550,123,34,2022-01-31
1551,123,37,2022-01-31
1552,123,38,2022-01-31
1553,123,2,2022-01-31
1554,123,17,2022-01-31
1555,123,44,2022-01-31
1556,123,28,2022-01-31
1557,123,39,2022-01-31
1558,123,5,2022-01-31
1559,123,45,2022-01-31
1560,123,1,2022-01-31
1561,123,42,2022-01-31
1562,123,47,2022-01-31
1563,123,26,2022-01-31
1564,123,23,2022-01-31
1565,123,41,2022-01-31
1566,123,3,2022-01-31
1567,123,4,2022-01-31
1568,123,6,2022-01-31
1569,123,25,2022-01-31
1570,123,27,2022-01-31
1571,123,29,2022-01-31
1572,123,31,2022-01-31
1573,123,33,2022-01-31
1574,123,35,2022-01-31
1576,259,11,2022-02-01
1577,2,25,2022-02-01
1578,39,12,2022-02-01
1579,39,44,2022-02-01
1580,200,23,2022-02-01
1581,184,17,2022-02-01
1582,184,25,2022-02-01
1583,184,42,2022-02-01
1584,184,26,2022-02-01
1585,184,44,2022-02-01
1586,2,17,2022-02-01
1589,38,40,2022-02-01
1590,38,31,2022-02-01
1591,157,11,2022-02-01
1593,200,22,2022-02-01
1594,200,25,2022-02-01
1595,200,26,2022-02-01
1596,39,41,2022-02-01
1597,1,17,2022-02-01
1598,1,5,2022-02-01
1600,1,10,2022-02-01
1601,38,17,2022-02-01
1602,38,38,2022-02-01
1603,157,12,2022-02-01
1604,157,37,2022-02-01
1605,315,10,2022-02-01
1507,315,10,2022-01-07
1517,157,14,2022-01-14
1521,2,3,2022-01-19
1496,164,26,2022-01-01
1497,164,38,2022-01-01
1498,164,21,2022-01-01
1500,313,30,2022-01-03
1501,313,15,2022-01-03
1502,313,5,2022-01-03
1503,313,40,2022-01-03
1511,301,33,2022-01-12
1512,301,15,2022-01-12
1513,301,42,2022-01-12
1514,301,20,2022-01-12
1455,294,25,2022-01-01
1526,39,14,2022-01-21
1610,164,5,2022-02-01
1607,2,3,2022-02-01
1611,218,2,2022-02-01
1612,218,10,2022-02-01
1613,218,6,2022-02-01
1614,75,1,2022-02-01
1615,207,25,2022-02-01
1616,218,5,2022-02-01
1617,218,11,2022-02-01
1618,219,14,2022-02-01
1619,219,8,2022-02-01
1620,219,25,2022-02-01
1621,219,17,2022-02-01
1622,224,8,2022-02-01
1623,224,6,2022-02-01
1624,224,1,2022-02-01
1625,224,2,2022-02-01
1626,71,17,2022-02-01
1627,219,5,2022-02-01
1628,224,12,2022-02-01
1629,71,2,2022-02-01
1630,71,10,2022-02-01
1631,78,15,2022-02-01
1632,75,25,2022-02-01
1633,69,8,2022-02-01
1634,204,5,2022-02-01
1635,204,17,2022-02-01
1636,207,5,2022-02-01
1637,207,3,2022-02-01
1638,207,6,2022-02-01
1639,204,3,2022-02-01
1640,204,1,2022-02-01
1642,164,17,2022-02-01
1608,39,14,2022-02-01
1643,78,5,2022-02-01
1644,176,11,2022-02-01
1645,176,2,2022-02-01
1646,78,11,2022-02-01
1647,78,2,2022-02-01
1648,207,1,2022-02-01
1649,190,3,2022-02-01
1650,190,17,2022-02-01
1177,190,17,2022-01-01
1651,190,1,2022-02-01
1652,190,8,2022-02-01
1653,81,1,2022-02-01
1654,133,8,2022-02-01
1655,70,1,2022-02-01
1656,81,2,2022-02-01
1657,77,3,2022-02-01
1184,77,3,2022-01-01
1658,75,17,2022-02-01
1659,130,10,2022-02-01
1660,132,11,2022-02-01
1661,72,12,2022-02-01
1662,81,4,2022-02-01
1663,137,8,2022-02-01
1664,69,3,2022-02-01
1191,69,3,2022-01-01
1665,130,5,2022-02-01
1666,77,1,2022-02-01
1667,81,17,2022-02-01
1669,69,1,2022-02-01
1670,130,2,2022-02-01
1671,140,8,2022-02-01
1672,140,17,2022-02-01
1673,69,5,2022-02-01
1199,140,17,2022-01-01
1674,132,4,2022-02-01
1676,133,2,2022-02-01
1677,94,10,2022-02-01
1678,140,2,2022-02-01
1679,130,1,2022-02-01
1681,140,1,2022-02-01
1682,132,3,2022-02-01
1206,130,1,2022-01-01
1684,70,17,2022-02-01
1685,77,2,2022-02-01
1687,69,17,2022-02-01
1688,130,17,2022-02-01
1689,142,17,2022-02-01
1691,190,10,2022-02-01
1694,132,17,2022-02-01
1213,87,5,2022-01-01
1695,70,2,2022-02-01
1696,94,4,2022-02-01
1697,94,1,2022-02-01
1698,133,1,2022-02-01
1699,229,5,2022-02-01
1701,229,8,2022-02-01
1702,229,3,2022-02-01
1220,87,1,2022-01-01
1703,229,1,2022-02-01
1708,233,26,2022-02-01
1709,233,15,2022-02-01
1710,233,34,2022-02-01
1712,233,29,2022-02-01
1713,228,26,2022-02-01
1714,228,17,2022-02-01
1227,229,17,2022-01-01
1715,228,25,2022-02-01
1716,137,17,2022-02-01
1717,137,25,2022-02-01
1719,239,30,2022-02-01
1720,239,17,2022-02-01
1721,239,41,2022-02-01
1722,239,26,2022-02-01
1234,231,32,2022-01-01
1723,137,42,2022-02-01
1724,242,40,2022-02-01
1726,242,37,2022-02-01
1727,242,12,2022-02-01
1728,242,42,2022-02-01
1729,235,3,2022-02-01
1730,235,44,2022-02-01
1241,228,17,2022-01-01
1731,244,40,2022-02-01
1733,244,22,2022-02-01
1734,245,10,2022-02-01
1735,245,42,2022-02-01
1736,245,23,2022-02-01
1248,239,41,2022-01-01
1255,242,42,2022-01-01
1262,245,42,2022-01-01
1739,243,22,2022-02-01
1740,243,42,2022-02-01
1741,247,14,2022-02-01
1742,247,17,2022-02-01
1269,247,17,2022-01-01
1743,247,15,2022-02-01
1744,247,21,2022-02-01
1745,247,27,2022-02-01
1746,248,15,2022-02-01
1748,248,38,2022-02-01
1749,248,35,2022-02-01
1750,248,41,2022-02-01
1276,248,35,2022-01-01
1751,251,8,2022-02-01
1752,251,22,2022-02-01
1753,251,41,2022-02-01
1755,251,42,2022-02-01
1756,250,42,2022-02-01
1757,250,8,2022-02-01
1758,250,44,2022-02-01
1283,250,42,2022-01-01
1759,250,14,2022-02-01
1760,250,40,2022-02-01
1762,253,33,2022-02-01
1763,253,2,2022-02-01
1764,253,42,2022-02-01
1765,253,47,2022-02-01
1766,244,35,2022-02-01
1290,253,2,2022-01-01
1767,244,42,2022-02-01
1769,254,10,2022-02-01
1771,239,23,2022-02-01
1772,243,23,2022-02-01
1773,201,2,2022-02-01
1774,201,22,2022-02-01
1775,201,26,2022-02-01
1297,231,23,2022-01-01
1737,245,15,2022-02-01
1777,94,40,2022-02-01
1778,94,3,2022-02-01
1779,92,10,2022-02-01
1780,92,42,2022-02-01
1781,92,12,2022-02-01
1782,92,22,2022-02-01
1304,94,40,2022-01-01
1784,267,33,2022-02-01
1785,267,10,2022-02-01
1786,267,22,2022-02-01
1787,267,5,2022-02-01
1788,267,8,2022-02-01
1789,177,8,2022-02-01
1791,177,42,2022-02-01
1311,267,33,2022-01-01
1792,177,22,2022-02-01
1793,177,3,2022-02-01
1794,228,8,2022-02-01
1795,228,44,2022-02-01
1796,298,44,2022-02-01
1798,298,17,2022-02-01
1799,298,14,2022-02-01
1318,177,42,2022-01-01
1800,298,32,2022-02-01
1801,204,44,2022-02-01
1802,300,42,2022-02-01
1803,300,10,2022-02-01
1805,300,26,2022-02-01
1806,300,33,2022-02-01
1807,304,17,2022-02-01
1325,298,17,2022-01-01
1808,304,26,2022-02-01
1809,304,41,2022-02-01
1810,304,38,2022-02-01
1812,201,33,2022-02-01
1813,78,27,2022-02-01
1814,164,26,2022-02-01
1815,164,38,2022-02-01
1332,300,26,2022-01-01
1816,164,21,2022-02-01
1817,313,17,2022-02-01
1819,313,15,2022-02-01
1335,304,26,2022-01-01
1820,313,5,2022-02-01
1821,313,40,2022-02-01
1822,301,30,2022-02-01
1823,301,33,2022-02-01
1824,301,15,2022-02-01
1826,301,20,2022-02-01
1827,263,34,2022-02-01
1828,262,41,2022-02-01
1829,264,10,2022-02-01
1499,313,17,2022-01-03
1830,264,14,2022-02-01
1831,264,21,2022-02-01
1833,264,5,2022-02-01
1834,266,17,2022-02-01
1835,266,47,2022-02-01
1510,301,30,2022-01-12
1836,266,34,2022-02-01
1837,266,41,2022-02-01
1838,266,6,2022-02-01
1840,268,2,2022-02-01
1841,268,32,2022-02-01
1842,268,35,2022-02-01
1342,262,41,2022-01-01
1843,268,8,2022-02-01
1844,269,34,2022-02-01
1845,269,45,2022-02-01
1847,272,32,2022-02-01
1848,271,5,2022-02-01
1849,269,41,2022-02-01
1850,271,32,2022-02-01
1349,266,47,2022-01-01
1851,271,14,2022-02-01
1852,269,35,2022-02-01
1854,272,2,2022-02-01
1855,274,35,2022-02-01
1856,273,26,2022-02-01
1857,274,30,2022-02-01
1858,272,23,2022-02-01
1356,268,35,2022-01-01
1859,274,34,2022-02-01
1861,274,39,2022-02-01
1363,269,41,2022-01-01
1370,273,26,2022-01-01
1738,245,3,2022-02-01
1377,272,3,2022-01-01
1864,271,42,2022-02-01
1866,275,29,2022-02-01
1867,275,2,2022-02-01
1868,275,34,2022-02-01
1869,275,3,2022-02-01
1870,278,44,2022-02-01
1871,278,42,2022-02-01
1384,278,44,2022-01-01
1873,278,31,2022-02-01
1874,278,38,2022-02-01
1875,280,44,2022-02-01
1876,280,42,2022-02-01
1877,280,34,2022-02-01
1878,280,39,2022-02-01
1880,281,10,2022-02-01
1391,280,34,2022-01-01
1881,281,26,2022-02-01
1882,281,25,2022-02-01
1883,281,5,2022-02-01
1884,281,42,2022-02-01
1885,276,17,2022-02-01
1887,276,41,2022-02-01
1888,283,27,2022-02-01
1398,281,42,2022-01-01
1889,284,15,2022-02-01
1890,284,14,2022-02-01
1891,284,31,2022-02-01
1892,284,17,2022-02-01
1894,283,20,2022-02-01
1895,285,34,2022-02-01
1896,285,45,2022-02-01
1405,284,31,2022-01-01
1897,283,41,2022-02-01
1898,285,33,2022-02-01
1899,283,44,2022-02-01
1901,283,21,2022-02-01
1902,285,21,2022-02-01
1903,286,42,2022-02-01
1904,286,2,2022-02-01
1412,285,33,2022-01-01
1905,286,3,2022-02-01
1906,286,25,2022-02-01
1908,287,41,2022-02-01
1909,287,17,2022-02-01
1910,287,45,2022-02-01
1911,287,6,2022-02-01
1912,287,2,2022-02-01
1419,286,3,2022-01-01
1913,288,42,2022-02-01
1915,288,6,2022-02-01
1916,288,17,2022-02-01
1917,288,25,2022-02-01
1918,289,45,2022-02-01
1919,289,4,2022-02-01
1920,289,30,2022-02-01
1426,287,2,2022-01-01
1922,289,2,2022-02-01
1923,290,34,2022-02-01
1924,290,39,2022-02-01
1925,290,11,2022-02-01
1926,290,35,2022-02-01
1927,290,27,2022-02-01
1929,291,41,2022-02-01
1433,289,4,2022-01-01
1930,291,1,2022-02-01
1931,291,34,2022-02-01
1932,291,17,2022-02-01
1933,292,41,2022-02-01
1934,292,47,2022-02-01
1936,292,33,2022-02-01
1937,292,38,2022-02-01
1440,290,35,2022-01-01
1938,294,42,2022-02-01
1939,294,31,2022-02-01
1940,294,2,2022-02-01
1941,294,25,2022-02-01
1943,295,25,2022-02-01
1944,295,27,2022-02-01
1945,295,26,2022-02-01
1447,292,41,2022-01-01
1946,295,34,2022-02-01
1947,295,33,2022-02-01
1948,296,17,2022-02-01
1950,296,41,2022-02-01
1951,296,27,2022-02-01
1952,296,2,2022-02-01
1953,305,17,2022-02-01
1454,294,2,2022-01-01
1954,305,34,2022-02-01
1955,305,5,2022-02-01
1957,306,41,2022-02-01
1958,306,42,2022-02-01
1959,306,33,2022-02-01
1960,307,47,2022-02-01
1961,307,17,2022-02-01
1461,295,33,2022-01-01
1962,307,42,2022-02-01
1964,307,8,2022-02-01
1965,306,3,2022-02-01
1966,305,22,2022-02-01
1967,305,42,2022-02-01
1968,273,47,2022-02-01
1969,273,25,2022-02-01
1468,305,34,2022-01-01
1971,273,44,2022-02-01
1972,309,11,2022-02-01
1973,309,10,2022-02-01
1974,309,17,2022-02-01
1975,309,25,2022-02-01
1976,309,41,2022-02-01
1978,310,17,2022-02-01
1475,307,17,2022-01-01
1979,310,44,2022-02-01
1980,310,25,2022-02-01
1981,310,8,2022-02-01
1982,314,32,2022-02-01
1983,326,27,2022-02-01
1985,326,2,2022-02-01
1986,326,26,2022-02-01
1482,273,47,2022-01-01
1489,309,25,2022-01-01
1504,314,32,2022-01-03
1862,274,26,2022-02-01
1863,272,3,2022-02-01
2081,39,14,2022-03-01
2082,329,40,2022-03-01
2083,39,34,2022-03-01
2084,2,1,2022-03-01
2085,329,30,2022-03-01
2087,329,14,2022-03-01
2088,164,5,2022-03-01
2089,218,2,2022-03-01
2090,218,10,2022-03-01
2091,218,6,2022-03-01
2013,259,11,2022-03-01
2051,2,25,2022-03-01
2014,123,8,2022-02-28
2015,123,30,2022-02-28
2016,123,40,2022-02-28
2017,123,10,2022-02-28
2018,123,15,2022-02-28
2019,123,12,2022-02-28
2020,123,14,2022-02-28
2021,123,20,2022-02-28
2022,123,21,2022-02-28
2023,123,11,2022-02-28
2024,123,22,2022-02-28
2025,123,32,2022-02-28
2026,123,34,2022-02-28
2027,123,37,2022-02-28
2028,123,38,2022-02-28
2029,123,2,2022-02-28
2030,123,17,2022-02-28
2031,123,44,2022-02-28
2032,123,28,2022-02-28
2033,123,39,2022-02-28
2034,123,5,2022-02-28
2035,123,45,2022-02-28
2036,123,1,2022-02-28
2037,123,42,2022-02-28
2038,123,47,2022-02-28
2039,123,26,2022-02-28
2040,123,23,2022-02-28
2041,123,41,2022-02-28
2042,123,3,2022-02-28
2043,123,4,2022-02-28
2044,123,6,2022-02-28
2045,123,25,2022-02-28
2046,123,27,2022-02-28
2047,123,29,2022-02-28
2048,123,31,2022-02-28
2049,123,33,2022-02-28
2050,123,35,2022-02-28
2052,39,12,2022-03-01
2053,39,44,2022-03-01
2054,200,23,2022-03-01
2056,184,25,2022-03-01
2092,75,1,2022-03-01
2012,259,4,2022-03-01
2057,184,42,2022-03-01
2058,184,26,2022-03-01
2059,184,44,2022-03-01
2648,77,3,2022-04-01
2093,207,25,2022-03-01
2062,38,40,2022-03-01
2063,38,31,2022-03-01
2064,157,11,2022-03-01
2065,200,1,2022-03-01
2067,200,25,2022-03-01
1592,200,1,2022-02-01
2068,200,26,2022-03-01
2094,218,5,2022-03-01
2069,39,41,2022-03-01
2075,38,38,2022-03-01
2076,157,12,2022-03-01
2077,157,37,2022-03-01
2095,218,11,2022-03-01
2071,1,5,2022-03-01
2072,1,8,2022-03-01
1599,1,8,2022-02-01
2073,1,10,2022-03-01
1987,326,45,2022-02-01
2096,219,14,2022-03-01
2078,315,10,2022-03-01
2079,157,14,2022-03-01
2080,2,3,2022-03-01
2097,219,8,2022-03-01
2098,219,25,2022-03-01
1606,157,14,2022-02-01
2100,224,8,2022-03-01
2101,224,6,2022-03-01
2102,224,1,2022-03-01
1989,329,40,2022-02-02
2103,224,2,2022-03-01
1992,39,34,2022-02-08
2105,219,5,2022-03-01
1995,2,1,2022-02-10
2106,224,12,2022-03-01
2003,329,30,2022-02-21
2107,71,2,2022-03-01
2108,71,10,2022-03-01
2109,78,15,2022-03-01
2110,75,25,2022-03-01
2010,329,14,2022-02-23
2111,69,8,2022-03-01
2112,204,5,2022-03-01
2114,207,5,2022-03-01
2115,207,3,2022-03-01
2116,207,6,2022-03-01
2117,204,3,2022-03-01
2118,204,1,2022-03-01
2120,78,5,2022-03-01
2121,176,11,2022-03-01
2122,176,2,2022-03-01
2123,78,11,2022-03-01
2124,78,2,2022-03-01
2125,207,1,2022-03-01
2126,190,3,2022-03-01
2128,190,1,2022-03-01
2129,190,8,2022-03-01
2130,81,1,2022-03-01
2131,133,8,2022-03-01
2132,70,1,2022-03-01
2133,81,2,2022-03-01
1999,335,21,2022-02-17
2000,335,44,2022-02-17
2001,335,27,2022-02-17
2005,341,40,2022-02-23
2007,341,14,2022-02-23
2008,341,8,2022-02-23
2009,341,31,2022-02-23
2011,345,20,2022-02-28
2134,77,3,2022-03-01
2136,130,10,2022-03-01
2138,72,12,2022-03-01
2649,130,10,2022-04-01
2137,132,11,2022-03-01
1668,70,5,2022-02-01
2651,72,12,2022-04-01
1675,77,17,2022-02-01
2653,137,8,2022-04-01
2139,81,4,2022-03-01
2159,133,3,2022-03-01
1683,133,3,2022-02-01
2161,77,2,2022-03-01
2140,137,8,2022-03-01
2654,69,3,2022-04-01
2166,75,8,2022-03-01
2141,69,3,2022-03-01
2655,130,5,2022-04-01
2142,130,5,2022-03-01
2656,77,1,2022-04-01
2143,77,1,2022-03-01
2658,69,1,2022-04-01
2168,70,2,2022-03-01
1692,75,8,2022-02-01
2169,94,4,2022-03-01
2145,70,5,2022-03-01
2659,130,2,2022-04-01
2170,94,1,2022-03-01
2171,133,1,2022-03-01
2172,229,5,2022-03-01
2175,229,3,2022-03-01
2176,229,1,2022-03-01
1700,229,17,2022-02-01
2146,69,1,2022-03-01
2660,140,8,2022-04-01
2177,233,26,2022-03-01
2178,233,15,2022-03-01
2179,233,34,2022-03-01
2180,233,27,2022-03-01
2182,228,26,2022-03-01
2184,228,25,2022-03-01
1711,233,27,2022-02-01
2186,137,25,2022-03-01
2187,137,2,2022-03-01
2188,239,30,2022-03-01
2147,130,2,2022-03-01
2661,69,5,2022-04-01
2190,239,41,2022-03-01
2148,140,8,2022-03-01
2662,132,4,2022-04-01
2192,137,42,2022-03-01
1718,137,2,2022-02-01
2193,242,40,2022-03-01
2194,242,20,2022-03-01
2150,69,5,2022-03-01
2663,133,2,2022-04-01
2195,242,37,2022-03-01
2196,242,12,2022-03-01
2197,242,42,2022-03-01
2199,235,44,2022-03-01
1725,242,20,2022-02-01
2200,244,40,2022-03-01
2201,243,4,2022-03-01
2203,245,10,2022-03-01
2204,245,42,2022-03-01
2205,245,23,2022-03-01
2207,245,3,2022-03-01
2209,243,42,2022-03-01
1732,243,4,2022-02-01
2210,247,14,2022-03-01
2151,132,4,2022-03-01
2665,140,2,2022-04-01
2212,247,15,2022-03-01
2213,247,21,2022-03-01
2214,247,27,2022-03-01
2216,248,30,2022-03-01
2217,248,38,2022-03-01
2153,133,2,2022-03-01
2666,130,1,2022-04-01
2218,248,35,2022-03-01
2219,248,41,2022-03-01
2154,94,10,2022-03-01
2220,251,8,2022-03-01
2222,251,41,2022-03-01
2224,251,42,2022-03-01
2225,250,42,2022-03-01
1747,248,30,2022-02-01
2226,250,8,2022-03-01
2227,250,44,2022-03-01
2228,250,14,2022-03-01
2229,250,40,2022-03-01
2231,253,33,2022-03-01
2155,140,2,2022-03-01
2232,253,2,2022-03-01
1754,251,44,2022-02-01
2233,253,42,2022-03-01
2234,253,47,2022-03-01
2235,244,35,2022-03-01
2236,244,42,2022-03-01
2238,254,10,2022-03-01
2239,239,23,2022-03-01
2240,243,23,2022-03-01
1761,253,10,2022-02-01
2241,201,2,2022-03-01
2243,201,26,2022-03-01
2244,201,5,2022-03-01
2246,94,3,2022-03-01
2247,92,10,2022-03-01
2248,92,42,2022-03-01
2249,92,12,2022-03-01
1768,244,23,2022-02-01
2251,92,31,2022-03-01
2252,267,33,2022-03-01
2255,267,5,2022-03-01
2256,267,8,2022-03-01
2257,177,8,2022-03-01
2156,130,1,2022-03-01
2258,177,5,2022-03-01
1776,201,5,2022-02-01
2259,177,42,2022-03-01
2650,132,11,2022-04-01
2157,140,1,2022-03-01
2158,132,3,2022-03-01
1783,92,31,2022-02-01
1790,177,5,2022-02-01
2264,298,44,2022-03-01
2265,298,40,2022-03-01
2267,298,14,2022-03-01
1797,298,40,2022-02-01
2268,298,32,2022-03-01
2269,204,44,2022-03-01
2270,300,42,2022-03-01
2272,300,25,2022-03-01
2273,300,26,2022-03-01
2274,300,33,2022-03-01
1804,300,25,2022-02-01
2276,304,26,2022-03-01
2277,304,41,2022-03-01
2278,304,38,2022-03-01
2669,133,3,2022-04-01
2280,201,33,2022-03-01
2282,164,26,2022-03-01
1811,304,2,2022-02-01
2283,164,38,2022-03-01
2284,164,21,2022-03-01
2286,313,30,2022-03-01
2287,313,15,2022-03-01
2289,313,40,2022-03-01
2290,301,30,2022-03-01
2670,77,2,2022-04-01
1818,313,30,2022-02-01
2291,301,33,2022-03-01
2292,301,15,2022-03-01
2293,301,42,2022-03-01
2294,301,20,2022-03-01
2297,341,14,2022-03-01
2298,341,8,2022-03-01
2299,341,31,2022-03-01
1825,301,42,2022-02-01
2300,345,20,2022-03-01
2302,266,47,2022-03-01
2303,266,34,2022-03-01
2006,341,17,2022-02-23
2671,190,10,2022-04-01
2165,190,10,2022-03-01
2305,266,6,2022-03-01
2306,268,27,2022-03-01
2307,268,2,2022-03-01
2308,268,32,2022-03-01
1832,264,11,2022-02-01
2070,1,17,2022-03-01
2672,75,8,2022-04-01
2309,268,35,2022-03-01
2310,268,8,2022-03-01
2312,269,45,2022-03-01
2314,272,32,2022-03-01
1839,268,27,2022-02-01
2315,271,5,2022-03-01
2316,269,41,2022-03-01
2317,271,32,2022-03-01
2318,271,14,2022-03-01
2320,271,31,2022-03-01
2321,272,2,2022-03-01
2322,274,35,2022-03-01
1846,269,17,2022-02-01
2673,70,2,2022-04-01
2323,273,26,2022-03-01
2324,274,30,2022-03-01
2325,272,23,2022-03-01
2327,272,42,2022-03-01
2328,274,39,2022-03-01
2329,274,26,2022-03-01
1853,271,31,2022-02-01
2330,272,3,2022-03-01
2331,271,42,2022-03-01
2332,275,32,2022-03-01
2334,275,2,2022-03-01
2335,275,34,2022-03-01
2336,275,3,2022-03-01
2337,278,44,2022-03-01
1860,272,42,2022-02-01
2338,278,42,2022-03-01
2339,278,25,2022-03-01
2341,278,38,2022-03-01
2342,280,44,2022-03-01
2343,280,42,2022-03-01
1865,275,32,2022-02-01
2344,280,34,2022-03-01
2345,280,39,2022-03-01
2346,280,6,2022-03-01
2348,281,26,2022-03-01
2349,281,25,2022-03-01
2350,281,5,2022-03-01
2351,281,42,2022-03-01
1872,278,25,2022-02-01
2353,276,34,2022-03-01
2354,276,41,2022-03-01
2356,284,15,2022-03-01
2357,284,14,2022-03-01
2358,284,31,2022-03-01
2360,284,32,2022-03-01
2361,283,20,2022-03-01
1879,280,6,2022-02-01
2362,285,34,2022-03-01
2364,283,41,2022-03-01
2365,285,33,2022-03-01
2366,283,44,2022-03-01
2367,285,2,2022-03-01
2368,283,21,2022-03-01
2674,94,4,2022-04-01
1886,276,34,2022-02-01
2369,285,21,2022-03-01
2371,286,2,2022-03-01
2372,286,3,2022-03-01
2373,286,25,2022-03-01
2374,286,5,2022-03-01
2375,287,41,2022-03-01
1893,284,32,2022-02-01
2377,287,45,2022-03-01
2379,287,2,2022-03-01
2380,288,42,2022-03-01
2381,288,2,2022-03-01
2382,288,6,2022-03-01
2667,140,1,2022-04-01
2668,132,3,2022-04-01
1900,285,2,2022-02-01
1907,286,5,2022-02-01
1914,288,2,2022-02-01
2261,177,3,2022-03-01
2262,228,8,2022-03-01
2386,289,4,2022-03-01
2388,289,27,2022-03-01
2389,289,2,2022-03-01
1921,289,27,2022-02-01
2390,290,34,2022-03-01
2391,290,39,2022-03-01
2392,290,11,2022-03-01
2393,290,35,2022-03-01
2395,291,27,2022-03-01
2396,291,41,2022-03-01
2397,291,1,2022-03-01
1928,291,27,2022-02-01
2398,291,34,2022-03-01
2400,292,41,2022-03-01
2401,292,47,2022-03-01
2404,292,38,2022-03-01
2466,1,3,2022-03-08
2405,294,42,2022-03-01
2406,294,31,2022-03-01
1935,292,17,2022-02-01
2407,294,2,2022-03-01
2408,294,25,2022-03-01
2409,294,8,2022-03-01
2411,295,27,2022-03-01
2412,295,26,2022-03-01
2413,295,34,2022-03-01
1942,294,8,2022-02-01
2414,295,33,2022-03-01
2416,296,47,2022-03-01
2417,296,41,2022-03-01
2419,296,2,2022-03-01
2421,305,34,2022-03-01
2422,305,5,2022-03-01
1949,296,47,2022-02-01
2423,306,25,2022-03-01
2424,306,41,2022-03-01
2425,306,42,2022-03-01
2427,307,47,2022-03-01
2496,350,28,2022-03-25
2429,307,42,2022-03-01
2430,307,26,2022-03-01
1956,306,25,2022-02-01
2431,307,8,2022-03-01
2432,306,3,2022-03-01
2434,305,42,2022-03-01
2436,273,25,2022-03-01
2438,273,44,2022-03-01
2499,1,8,2022-03-28
2439,309,11,2022-03-01
1963,307,26,2022-02-01
2440,309,10,2022-03-01
2442,309,25,2022-03-01
2443,309,41,2022-03-01
2525,350,40,2022-03-30
2446,310,44,2022-03-01
2447,310,25,2022-03-01
2448,310,8,2022-03-01
1970,273,17,2022-02-01
2456,75,47,2022-03-01
2534,123,8,2022-03-31
2449,314,32,2022-03-01
2450,326,27,2022-03-01
2452,326,2,2022-03-01
2461,348,5,2022-03-03
2454,326,45,2022-03-01
2457,343,47,2022-03-03
1977,310,41,2022-02-01
2458,343,44,2022-03-03
2462,348,25,2022-03-03
2535,123,30,2022-03-31
2459,343,27,2022-03-03
2460,343,31,2022-03-03
2490,356,30,2022-03-22
2492,356,2,2022-03-22
2493,356,11,2022-03-22
1984,326,17,2022-02-01
2464,348,2,2022-03-03
2494,356,32,2022-03-22
2529,368,34,2022-03-31
2530,368,21,2022-03-31
2465,348,20,2022-03-03
2498,342,15,2022-03-28
2513,342,1,2022-03-28
2514,342,2,2022-03-28
2515,342,25,2022-03-28
2384,288,25,2022-03-01
2385,289,45,2022-03-01
2531,368,45,2022-03-31
2500,361,47,2022-03-28
2501,362,10,2022-03-28
2502,362,33,2022-03-28
2503,362,5,2022-03-28
2504,361,26,2022-03-28
2505,361,42,2022-03-28
2507,361,8,2022-03-28
2509,362,8,2022-03-28
2510,363,42,2022-03-28
2511,363,26,2022-03-28
2516,364,41,2022-03-28
2517,364,34,2022-03-28
2521,365,12,2022-03-29
2522,365,8,2022-03-29
2523,365,30,2022-03-29
2524,365,25,2022-03-29
2528,368,12,2022-03-31
2536,123,40,2022-03-31
2537,123,10,2022-03-31
2538,123,15,2022-03-31
2539,123,12,2022-03-31
2540,123,14,2022-03-31
2541,123,20,2022-03-31
2542,123,21,2022-03-31
2543,123,11,2022-03-31
2544,123,32,2022-03-31
2545,123,34,2022-03-31
2546,123,37,2022-03-31
2547,123,38,2022-03-31
2548,123,2,2022-03-31
2549,123,44,2022-03-31
2550,123,28,2022-03-31
2551,123,39,2022-03-31
2552,123,5,2022-03-31
2553,123,45,2022-03-31
2554,123,1,2022-03-31
2555,123,42,2022-03-31
2556,123,47,2022-03-31
2557,123,26,2022-03-31
2558,123,23,2022-03-31
2559,123,41,2022-03-31
2560,123,3,2022-03-31
2561,123,4,2022-03-31
2562,123,6,2022-03-31
2563,123,25,2022-03-31
2564,123,27,2022-03-31
2565,123,29,2022-03-31
2566,123,31,2022-03-31
2567,123,33,2022-03-31
2568,123,35,2022-03-31
2570,259,11,2022-04-01
2676,133,1,2022-04-01
2572,39,12,2022-04-01
2573,39,44,2022-04-01
2575,184,25,2022-04-01
2569,259,4,2022-04-01
2577,184,26,2022-04-01
2578,184,44,2022-04-01
2580,38,40,2022-04-01
2581,38,31,2022-04-01
2677,229,5,2022-04-01
2582,157,11,2022-04-01
2586,39,41,2022-04-01
2588,157,12,2022-04-01
2678,229,8,2022-04-01
2679,229,3,2022-04-01
2680,229,1,2022-04-01
2589,157,37,2022-04-01
2590,315,10,2022-04-01
2591,157,14,2022-04-01
2592,2,3,2022-04-01
2681,233,26,2022-04-01
2682,233,15,2022-04-01
2174,229,8,2022-03-01
2683,233,34,2022-04-01
2684,233,27,2022-04-01
2685,233,29,2022-04-01
2686,228,26,2022-04-01
2687,228,25,2022-04-01
2688,137,25,2022-04-01
2689,137,2,2022-04-01
2181,233,29,2022-03-01
2690,239,30,2022-04-01
2691,239,41,2022-04-01
2692,239,26,2022-04-01
2693,137,42,2022-04-01
2694,242,40,2022-04-01
2695,242,20,2022-04-01
2696,242,37,2022-04-01
2191,239,26,2022-03-01
2697,242,12,2022-04-01
2698,242,42,2022-04-01
2699,235,3,2022-04-01
2700,235,44,2022-04-01
2701,244,40,2022-04-01
2702,243,4,2022-04-01
2703,245,10,2022-04-01
2198,235,3,2022-03-01
2704,245,42,2022-04-01
2706,245,15,2022-04-01
2707,245,3,2022-04-01
2708,243,42,2022-04-01
2709,247,14,2022-04-01
2710,247,15,2022-04-01
2711,247,21,2022-04-01
2206,245,15,2022-03-01
2713,248,15,2022-04-01
2714,248,30,2022-04-01
2715,248,38,2022-04-01
2716,248,35,2022-04-01
2717,248,41,2022-04-01
2718,251,8,2022-04-01
2720,251,44,2022-04-01
2215,248,15,2022-03-01
2721,251,42,2022-04-01
2722,250,42,2022-04-01
2723,250,8,2022-04-01
2724,250,44,2022-04-01
2725,250,14,2022-04-01
2727,253,10,2022-04-01
2728,253,33,2022-04-01
2223,251,44,2022-03-01
2729,253,2,2022-04-01
2730,253,42,2022-04-01
2731,253,47,2022-04-01
2732,244,35,2022-04-01
2734,244,23,2022-04-01
2735,254,10,2022-04-01
2736,239,23,2022-04-01
2230,253,10,2022-03-01
2737,243,23,2022-04-01
2738,201,2,2022-04-01
2739,201,26,2022-04-01
2741,94,40,2022-04-01
2742,94,3,2022-04-01
2743,92,10,2022-04-01
2744,92,42,2022-04-01
2237,244,23,2022-03-01
2745,92,12,2022-04-01
2746,92,31,2022-04-01
2748,267,10,2022-04-01
2749,267,5,2022-04-01
2750,267,8,2022-04-01
2751,177,8,2022-04-01
2752,177,5,2022-04-01
2245,94,40,2022-03-01
2753,177,42,2022-04-01
2755,228,8,2022-04-01
2756,228,44,2022-04-01
2757,298,44,2022-04-01
2758,298,40,2022-04-01
2759,298,14,2022-04-01
2760,298,32,2022-04-01
2253,267,10,2022-03-01
2762,300,42,2022-04-01
2763,300,10,2022-04-01
2764,300,25,2022-04-01
2765,300,26,2022-04-01
2766,300,33,2022-04-01
2767,304,26,2022-04-01
2769,304,38,2022-04-01
2770,304,2,2022-04-01
2263,228,44,2022-03-01
2571,2,25,2022-04-01
2271,300,10,2022-03-01
2279,304,2,2022-03-01
2281,78,27,2022-03-01
2773,164,26,2022-04-01
2774,164,38,2022-04-01
2776,313,30,2022-04-01
2777,313,15,2022-04-01
2778,313,5,2022-04-01
2779,313,40,2022-04-01
2288,313,5,2022-03-01
2780,301,30,2022-04-01
2781,301,33,2022-04-01
2783,301,42,2022-04-01
2784,301,20,2022-04-01
2785,341,40,2022-04-01
2786,341,14,2022-04-01
2787,341,8,2022-04-01
2295,341,40,2022-03-01
2788,341,31,2022-04-01
2790,75,47,2022-04-01
2791,348,5,2022-04-01
2792,348,25,2022-04-01
2793,348,2,2022-04-01
2794,348,20,2022-04-01
2795,342,15,2022-04-01
2797,342,1,2022-04-01
2798,342,2,2022-04-01
2799,342,25,2022-04-01
2800,266,47,2022-04-01
2512,342,26,2022-03-28
2801,266,34,2022-04-01
2802,266,41,2022-04-01
2804,268,27,2022-04-01
2805,268,2,2022-04-01
2806,268,32,2022-04-01
2807,268,35,2022-04-01
2304,266,41,2022-03-01
2808,268,8,2022-04-01
2809,269,34,2022-04-01
2811,272,32,2022-04-01
2812,271,5,2022-04-01
2813,269,41,2022-04-01
2814,271,32,2022-04-01
2815,271,14,2022-04-01
2311,269,34,2022-03-01
2816,269,35,2022-04-01
2818,272,2,2022-04-01
2819,274,35,2022-04-01
2820,273,26,2022-04-01
2821,274,30,2022-04-01
2822,272,23,2022-04-01
2823,274,34,2022-04-01
2319,269,35,2022-03-01
2825,274,39,2022-04-01
2826,274,26,2022-04-01
2827,272,3,2022-04-01
2828,271,42,2022-04-01
2829,275,32,2022-04-01
2830,275,29,2022-04-01
2832,275,34,2022-04-01
2326,274,34,2022-03-01
2833,275,3,2022-04-01
2834,278,44,2022-04-01
2835,278,42,2022-04-01
2836,278,25,2022-04-01
2837,278,31,2022-04-01
2839,280,44,2022-04-01
2840,280,42,2022-04-01
2333,275,29,2022-03-01
2841,280,34,2022-04-01
2842,280,39,2022-04-01
2843,280,6,2022-04-01
2844,281,10,2022-04-01
2846,281,25,2022-04-01
2847,281,5,2022-04-01
2848,281,42,2022-04-01
2340,278,31,2022-03-01
2849,276,34,2022-04-01
2850,276,41,2022-04-01
2851,283,27,2022-04-01
2853,284,14,2022-04-01
2854,284,31,2022-04-01
2855,284,32,2022-04-01
2856,283,20,2022-04-01
2347,281,10,2022-03-01
2857,285,34,2022-04-01
2858,285,45,2022-04-01
2860,285,33,2022-04-01
2861,283,44,2022-04-01
2862,285,2,2022-04-01
2863,283,21,2022-04-01
2864,285,21,2022-04-01
2355,283,27,2022-03-01
2865,286,42,2022-04-01
2867,286,3,2022-04-01
2868,286,25,2022-04-01
2869,286,5,2022-04-01
2870,287,41,2022-04-01
2871,287,45,2022-04-01
2872,287,6,2022-04-01
2363,285,45,2022-03-01
2874,288,42,2022-04-01
2875,288,2,2022-04-01
2876,288,6,2022-04-01
2877,288,25,2022-04-01
2878,289,45,2022-04-01
2879,289,4,2022-04-01
2881,289,27,2022-04-01
2370,286,42,2022-03-01
2882,289,2,2022-04-01
2883,290,34,2022-04-01
2884,290,39,2022-04-01
2885,290,11,2022-04-01
2886,290,35,2022-04-01
2888,291,27,2022-04-01
2889,291,41,2022-04-01
2378,287,6,2022-03-01
2890,291,1,2022-04-01
2891,291,34,2022-04-01
2892,292,41,2022-04-01
2893,292,47,2022-04-01
2895,292,38,2022-04-01
2896,294,42,2022-04-01
2387,289,30,2022-03-01
2394,290,27,2022-03-01
2403,292,33,2022-03-01
2772,78,27,2022-04-01
2899,294,25,2022-04-01
2900,294,8,2022-04-01
2901,295,25,2022-04-01
2410,295,25,2022-03-01
2902,295,27,2022-04-01
2904,295,34,2022-04-01
2905,295,33,2022-04-01
2906,296,47,2022-04-01
2907,296,41,2022-04-01
2908,296,27,2022-04-01
2909,296,2,2022-04-01
2418,296,27,2022-03-01
2911,305,5,2022-04-01
2912,306,25,2022-04-01
2913,306,41,2022-04-01
2914,306,42,2022-04-01
2915,306,33,2022-04-01
2916,307,47,2022-04-01
2918,307,26,2022-04-01
2426,306,33,2022-03-01
2919,307,8,2022-04-01
2920,306,3,2022-04-01
2921,305,42,2022-04-01
2922,273,47,2022-04-01
2923,273,25,2022-04-01
2925,309,11,2022-04-01
2926,309,10,2022-04-01
2435,273,47,2022-03-01
2927,309,25,2022-04-01
2928,309,41,2022-04-01
2929,310,41,2022-04-01
2930,310,44,2022-04-01
2932,310,8,2022-04-01
2933,314,32,2022-04-01
2934,326,27,2022-04-01
2444,310,41,2022-03-01
2935,326,2,2022-04-01
2936,326,26,2022-04-01
2937,326,45,2022-04-01
2938,335,20,2022-04-01
2939,335,21,2022-04-01
2940,335,44,2022-04-01
2941,335,27,2022-04-01
2453,326,26,2022-03-01
2942,343,47,2022-04-01
2943,343,44,2022-04-01
1998,335,20,2022-02-17
2945,343,31,2022-04-01
2946,356,30,2022-04-01
2947,356,10,2022-04-01
2948,356,2,2022-04-01
2949,356,11,2022-04-01
2950,356,32,2022-04-01
2952,370,41,2022-04-01
2953,370,32,2022-04-01
2954,370,21,2022-04-01
2491,356,10,2022-03-22
2955,370,27,2022-04-01
2956,372,26,2022-04-04
2957,372,25,2022-04-04
2959,372,11,2022-04-04
2532,368,26,2022-03-31
2506,362,41,2022-03-28
2519,364,15,2022-03-28
2976,204,25,2022-04-04
2898,294,2,2022-04-01
2960,372,8,2022-04-04
2961,373,3,2022-04-04
2962,373,8,2022-04-04
2963,373,25,2022-04-04
2965,373,1,2022-04-04
2966,369,11,2022-04-04
2967,369,29,2022-04-04
2968,369,2,2022-04-04
2970,369,4,2022-04-04
2971,374,26,2022-04-04
2972,374,31,2022-04-04
2973,374,45,2022-04-04
2975,374,39,2022-04-04
2978,376,30,2022-04-07
2979,376,32,2022-04-07
2980,376,31,2022-04-07
2982,376,2,2022-04-07
3030,368,34,2022-04-11
3031,368,21,2022-04-11
3032,368,45,2022-04-11
3034,368,26,2022-04-11
3035,361,47,2022-04-11
3036,361,26,2022-04-11
2977,375,30,2022-04-06
2985,377,47,2022-04-07
2986,377,26,2022-04-07
2987,377,11,2022-04-07
2988,377,25,2022-04-07
2992,380,42,2022-04-08
2993,381,34,2022-04-08
2994,381,42,2022-04-08
2995,382,42,2022-04-08
2997,382,44,2022-04-08
2998,382,26,2022-04-08
2999,382,25,2022-04-08
3000,383,47,2022-04-08
3002,383,44,2022-04-08
3003,383,5,2022-04-08
3004,383,25,2022-04-08
3010,384,21,2022-04-11
3012,384,35,2022-04-11
3013,384,47,2022-04-11
3014,384,31,2022-04-11
3015,388,10,2022-04-11
3017,385,12,2022-04-11
3018,385,25,2022-04-11
3019,385,4,2022-04-11
3020,385,55,2022-04-11
3022,392,10,2022-04-11
3023,392,8,2022-04-11
3024,392,5,2022-04-11
3025,392,20,2022-04-11
3027,375,21,2022-04-11
3028,375,34,2022-04-11
3029,375,35,2022-04-11
2990,360,30,2022-04-08
3006,371,42,2022-04-11
3007,371,38,2022-04-11
3008,371,2,2022-04-11
3009,371,23,2022-04-11
3127,412,20,2022-04-21
3128,412,21,2022-04-21
3130,412,34,2022-04-21
3094,337,2,2022-04-13
3095,335,26,2022-04-13
3097,337,3,2022-04-13
3098,337,33,2022-04-13
3099,401,41,2022-04-13
3100,402,11,2022-04-13
3102,402,2,2022-04-13
3103,402,32,2022-04-13
3104,402,28,2022-04-13
3105,401,27,2022-04-13
3107,401,44,2022-04-13
3116,408,44,2022-04-19
3117,408,47,2022-04-19
3118,408,32,2022-04-19
3120,408,8,2022-04-19
3159,424,21,2022-04-25
3160,424,26,2022-04-25
3161,424,41,2022-04-25
3163,424,56,2022-04-25
3187,406,26,2022-04-27
3188,406,55,2022-04-27
3189,406,41,2022-04-27
3191,406,34,2022-04-27
3037,361,42,2022-04-11
3038,361,8,2022-04-11
3039,362,10,2022-04-11
3041,362,5,2022-04-11
3042,362,8,2022-04-11
3043,362,41,2022-04-11
3044,363,42,2022-04-11
3046,364,41,2022-04-11
3047,364,34,2022-04-11
3048,364,15,2022-04-11
3049,365,12,2022-04-11
3051,365,30,2022-04-11
3052,365,25,2022-04-11
3086,399,26,2022-04-13
3087,399,3,2022-04-13
3090,399,5,2022-04-13
3091,399,2,2022-04-13
3121,410,44,2022-04-21
3122,410,41,2022-04-21
3124,410,47,2022-04-21
3125,410,8,2022-04-21
3053,394,29,2022-04-11
3054,394,20,2022-04-11
3056,394,14,2022-04-11
3057,391,2,2022-04-12
3058,391,33,2022-04-12
3059,391,6,2022-04-12
3061,391,3,2022-04-12
3062,395,25,2022-04-12
3063,395,39,2022-04-12
3064,395,34,2022-04-12
3066,395,45,2022-04-12
3068,396,33,2022-04-12
3069,396,10,2022-04-12
3070,396,2,2022-04-12
3072,398,2,2022-04-12
3073,398,26,2022-04-12
3074,390,2,2022-04-12
3075,398,37,2022-04-12
3077,390,32,2022-04-12
3078,390,33,2022-04-12
3079,390,23,2022-04-12
3080,387,8,2022-04-12
3082,387,30,2022-04-12
3083,387,55,2022-04-12
3084,387,1,2022-04-12
3111,388,34,2022-04-19
3113,388,31,2022-04-19
3114,388,26,2022-04-19
3131,414,4,2022-04-22
3132,415,34,2022-04-22
3134,414,41,2022-04-22
3135,415,55,2022-04-22
3136,415,45,2022-04-22
3137,415,35,2022-04-22
3139,415,14,2022-04-22
3140,414,35,2022-04-22
3141,417,47,2022-04-22
3142,417,8,2022-04-22
3144,417,44,2022-04-22
3145,417,45,2022-04-22
3152,421,47,2022-04-23
3153,421,8,2022-04-23
3155,421,40,2022-04-23
3156,421,27,2022-04-23
3157,422,41,2022-04-25
3158,422,34,2022-04-25
3166,427,2,2022-04-25
3167,427,1,2022-04-25
3168,427,3,2022-04-25
3169,427,23,2022-04-25
3171,429,8,2022-04-25
3172,429,40,2022-04-25
3173,429,44,2022-04-25
3174,429,56,2022-04-25
3176,430,44,2022-04-26
3182,432,41,2022-04-26
3183,432,34,2022-04-26
3184,432,8,2022-04-26
3186,432,26,2022-04-26
3192,434,42,2022-04-27
3193,434,11,2022-04-27
3146,418,38,2022-04-22
3148,418,42,2022-04-22
3149,418,31,2022-04-22
3150,418,10,2022-04-22
3179,409,15,2022-04-26
3181,409,12,2022-04-26
3085,329,20,2022-04-13
3088,329,55,2022-04-13
3108,38,29,2022-04-13
3110,350,30,2022-04-18
3115,1,10,2022-04-19
3151,184,37,2022-04-22
3194,360,55,2022-04-28
3198,350,3,2022-04-29
3200,350,15,2022-04-29
3206,123,8,2022-04-30
3207,123,30,2022-04-30
3208,123,40,2022-04-30
3209,123,10,2022-04-30
3210,123,15,2022-04-30
3211,123,12,2022-04-30
3212,123,14,2022-04-30
3213,123,20,2022-04-30
3214,123,21,2022-04-30
3215,123,11,2022-04-30
3216,123,32,2022-04-30
3217,123,34,2022-04-30
3218,123,37,2022-04-30
3219,123,38,2022-04-30
3220,123,2,2022-04-30
3221,123,44,2022-04-30
3222,123,28,2022-04-30
3223,123,39,2022-04-30
3224,123,5,2022-04-30
3225,123,45,2022-04-30
3226,123,1,2022-04-30
3227,123,42,2022-04-30
3228,123,47,2022-04-30
3229,123,26,2022-04-30
3230,123,23,2022-04-30
3231,123,41,2022-04-30
3232,123,3,2022-04-30
3233,123,4,2022-04-30
3234,123,6,2022-04-30
3235,123,25,2022-04-30
3236,123,27,2022-04-30
3237,123,29,2022-04-30
3238,123,31,2022-04-30
3239,123,33,2022-04-30
3240,123,35,2022-04-30
3241,123,55,2022-04-30
3242,123,56,2022-04-30
3243,123,57,2022-04-30
3244,259,4,2022-05-01
3245,259,11,2022-05-01
3246,164,5,2022-05-01
3250,75,1,2022-05-01
3256,224,8,2022-05-01
3257,224,6,2022-05-01
3258,224,1,2022-05-01
3259,224,2,2022-05-01
3261,224,12,2022-05-01
3262,71,2,2022-05-01
3263,71,10,2022-05-01
3264,78,15,2022-05-01
3265,75,25,2022-05-01
3266,69,8,2022-05-01
3267,204,5,2022-05-01
3268,204,3,2022-05-01
3269,204,1,2022-05-01
3270,78,5,2022-05-01
3271,78,11,2022-05-01
3272,78,2,2022-05-01
3273,190,3,2022-05-01
3274,190,1,2022-05-01
2643,190,8,2022-04-01
3275,190,8,2022-05-01
2645,133,8,2022-04-01
3276,133,8,2022-05-01
2646,70,1,2022-04-01
3277,70,1,2022-05-01
3278,77,3,2022-05-01
3279,130,10,2022-05-01
3280,132,11,2022-05-01
3281,72,12,2022-05-01
3282,137,8,2022-05-01
3283,69,3,2022-05-01
3284,130,5,2022-05-01
3285,77,1,2022-05-01
2657,70,5,2022-04-01
3286,70,5,2022-05-01
3287,69,1,2022-05-01
3288,130,2,2022-05-01
3289,140,8,2022-05-01
3290,69,5,2022-05-01
3291,132,4,2022-05-01
3292,133,2,2022-05-01
2664,94,10,2022-04-01
3293,94,10,2022-05-01
3294,140,2,2022-05-01
3295,130,1,2022-05-01
3296,140,1,2022-05-01
3297,132,3,2022-05-01
2771,201,33,2022-04-01
3298,201,33,2022-05-01
3299,133,3,2022-05-01
3300,77,2,2022-05-01
3301,190,10,2022-05-01
3302,75,8,2022-05-01
3303,70,2,2022-05-01
3304,94,4,2022-05-01
2675,94,1,2022-04-01
3305,94,1,2022-05-01
3306,133,1,2022-05-01
3311,233,26,2022-05-01
3312,233,15,2022-05-01
3313,233,34,2022-05-01
3314,233,27,2022-05-01
3315,233,29,2022-05-01
3316,228,26,2022-05-01
3317,228,25,2022-05-01
3318,137,25,2022-05-01
3319,137,2,2022-05-01
3323,137,42,2022-05-01
3324,242,40,2022-05-01
3325,242,20,2022-05-01
3326,242,37,2022-05-01
3327,242,12,2022-05-01
3328,242,42,2022-05-01
3329,235,3,2022-05-01
3330,235,44,2022-05-01
3331,244,40,2022-05-01
3332,243,4,2022-05-01
3333,245,10,2022-05-01
3334,245,42,2022-05-01
2705,245,23,2022-04-01
3335,245,23,2022-05-01
3336,245,15,2022-05-01
3201,436,26,2022-04-29
3202,436,3,2022-04-29
3203,436,42,2022-04-29
3205,436,1,2022-04-29
3337,245,3,2022-05-01
3338,243,42,2022-05-01
3339,247,14,2022-05-01
3340,247,15,2022-05-01
3341,247,21,2022-05-01
2712,247,27,2022-04-01
3342,247,27,2022-05-01
3343,248,15,2022-05-01
3344,248,30,2022-05-01
3345,248,38,2022-05-01
3346,248,35,2022-05-01
3347,248,41,2022-05-01
3348,251,8,2022-05-01
2719,251,41,2022-04-01
3349,251,41,2022-05-01
3350,251,44,2022-05-01
3351,251,42,2022-05-01
3352,250,42,2022-05-01
3353,250,8,2022-05-01
3354,250,44,2022-05-01
3355,250,14,2022-05-01
2726,250,40,2022-04-01
3356,250,40,2022-05-01
3362,244,35,2022-05-01
2733,244,42,2022-04-01
3363,244,42,2022-05-01
3364,244,23,2022-05-01
3365,254,10,2022-05-01
3367,243,23,2022-05-01
3368,201,2,2022-05-01
3369,201,26,2022-05-01
2740,201,5,2022-04-01
3370,201,5,2022-05-01
3371,94,40,2022-05-01
3372,94,3,2022-05-01
3373,92,10,2022-05-01
3374,92,42,2022-05-01
3375,92,12,2022-05-01
3376,92,31,2022-05-01
2747,267,33,2022-04-01
3377,267,33,2022-05-01
3378,267,10,2022-05-01
3379,267,5,2022-05-01
3380,267,8,2022-05-01
3381,177,8,2022-05-01
3382,177,5,2022-05-01
3383,177,42,2022-05-01
2754,177,3,2022-04-01
3384,177,3,2022-05-01
3385,228,8,2022-05-01
3386,228,44,2022-05-01
2761,204,44,2022-04-01
3391,204,44,2022-05-01
3392,300,42,2022-05-01
3393,300,10,2022-05-01
3394,300,25,2022-05-01
3395,300,26,2022-05-01
3396,300,33,2022-05-01
2768,304,41,2022-04-01
3401,78,27,2022-05-01
3402,164,26,2022-05-01
3403,164,38,2022-05-01
2775,164,21,2022-04-01
3404,164,21,2022-05-01
3405,313,30,2022-05-01
3406,313,15,2022-05-01
3407,313,5,2022-05-01
3408,313,40,2022-05-01
3409,301,30,2022-05-01
3410,301,33,2022-05-01
2782,301,15,2022-04-01
3411,301,15,2022-05-01
3412,301,42,2022-05-01
3413,301,20,2022-05-01
3414,341,40,2022-05-01
3415,341,14,2022-05-01
3416,341,8,2022-05-01
3417,341,31,2022-05-01
2789,345,20,2022-04-01
3419,75,47,2022-05-01
3420,348,5,2022-05-01
3421,348,25,2022-05-01
3422,348,2,2022-05-01
3423,348,20,2022-05-01
3424,342,15,2022-05-01
2796,342,26,2022-04-01
3425,342,26,2022-05-01
3426,342,1,2022-05-01
3427,342,2,2022-05-01
3428,342,25,2022-05-01
3429,204,25,2022-05-01
3126,412,15,2022-04-21
3430,412,15,2022-05-01
3431,412,20,2022-05-01
3432,412,21,2022-05-01
3129,412,38,2022-04-21
3433,412,38,2022-05-01
3434,412,34,2022-05-01
3435,266,47,2022-05-01
3436,266,34,2022-05-01
3437,266,41,2022-05-01
2803,266,6,2022-04-01
3438,266,6,2022-05-01
3439,268,27,2022-05-01
3440,268,2,2022-05-01
3441,268,32,2022-05-01
3442,268,35,2022-05-01
3443,268,8,2022-05-01
3444,269,34,2022-05-01
2810,269,45,2022-04-01
3445,269,45,2022-05-01
3446,272,32,2022-05-01
3447,271,5,2022-05-01
3448,269,41,2022-05-01
3449,271,32,2022-05-01
3450,271,14,2022-05-01
3451,269,35,2022-05-01
2817,271,31,2022-04-01
3452,271,31,2022-05-01
3453,272,2,2022-05-01
3454,274,35,2022-05-01
3455,273,26,2022-05-01
3456,274,30,2022-05-01
3457,272,23,2022-05-01
3458,274,34,2022-05-01
2824,272,42,2022-04-01
3459,272,42,2022-05-01
3460,274,39,2022-05-01
3461,274,26,2022-05-01
3462,272,3,2022-05-01
3463,271,42,2022-05-01
3464,275,32,2022-05-01
3465,275,29,2022-05-01
2831,275,2,2022-04-01
3466,275,2,2022-05-01
3467,275,34,2022-05-01
3468,275,3,2022-05-01
3469,278,44,2022-05-01
3470,278,42,2022-05-01
3471,278,25,2022-05-01
3472,278,31,2022-05-01
2838,278,38,2022-04-01
3473,278,38,2022-05-01
3474,280,44,2022-05-01
3475,280,42,2022-05-01
3476,280,34,2022-05-01
3477,280,39,2022-05-01
3478,280,6,2022-05-01
3479,281,10,2022-05-01
2845,281,26,2022-04-01
3480,281,26,2022-05-01
3481,281,25,2022-05-01
3482,281,5,2022-05-01
3483,281,42,2022-05-01
3484,276,34,2022-05-01
3485,276,41,2022-05-01
3486,283,27,2022-05-01
2852,284,15,2022-04-01
3487,284,15,2022-05-01
3488,284,14,2022-05-01
3489,284,31,2022-05-01
3490,284,32,2022-05-01
3491,283,20,2022-05-01
3492,285,34,2022-05-01
3493,285,45,2022-05-01
2859,283,41,2022-04-01
3494,283,41,2022-05-01
3495,285,33,2022-05-01
3496,283,44,2022-05-01
3497,285,2,2022-05-01
3498,283,21,2022-05-01
3499,285,21,2022-05-01
3500,286,42,2022-05-01
2866,286,2,2022-04-01
3501,286,2,2022-05-01
3502,286,3,2022-05-01
3503,286,25,2022-05-01
3504,286,5,2022-05-01
3505,287,41,2022-05-01
3506,287,45,2022-05-01
3507,287,6,2022-05-01
2873,287,2,2022-04-01
3508,287,2,2022-05-01
3509,288,42,2022-05-01
3510,288,2,2022-05-01
3511,288,6,2022-05-01
3512,288,25,2022-05-01
3513,289,45,2022-05-01
3514,289,4,2022-05-01
2880,289,30,2022-04-01
3515,289,30,2022-05-01
3516,289,27,2022-05-01
3517,289,2,2022-05-01
3518,290,34,2022-05-01
3519,290,39,2022-05-01
3520,290,11,2022-05-01
3521,290,35,2022-05-01
2887,290,27,2022-04-01
3522,290,27,2022-05-01
3523,291,27,2022-05-01
3524,291,41,2022-05-01
3525,291,1,2022-05-01
3526,291,34,2022-05-01
3527,292,41,2022-05-01
3528,292,47,2022-05-01
2894,292,33,2022-04-01
3529,292,33,2022-05-01
3530,292,38,2022-05-01
3531,294,42,2022-05-01
2897,294,31,2022-04-01
3532,294,31,2022-05-01
3533,294,2,2022-05-01
3534,294,25,2022-05-01
3535,294,8,2022-05-01
3536,295,25,2022-05-01
3537,295,27,2022-05-01
2903,295,26,2022-04-01
3538,295,26,2022-05-01
3539,295,34,2022-05-01
3540,295,33,2022-05-01
3541,296,47,2022-05-01
3542,296,41,2022-05-01
3543,296,27,2022-05-01
3544,296,2,2022-05-01
2910,305,34,2022-04-01
3545,305,34,2022-05-01
3546,305,5,2022-05-01
3547,306,25,2022-05-01
3548,306,41,2022-05-01
3549,306,42,2022-05-01
3550,306,33,2022-05-01
3551,307,47,2022-05-01
2917,307,42,2022-04-01
3552,307,42,2022-05-01
3553,307,26,2022-05-01
3554,307,8,2022-05-01
3555,306,3,2022-05-01
3556,305,42,2022-05-01
3557,273,47,2022-05-01
3558,273,25,2022-05-01
2924,273,44,2022-04-01
3559,273,44,2022-05-01
3560,309,11,2022-05-01
3561,309,10,2022-05-01
3562,309,25,2022-05-01
3563,309,41,2022-05-01
3564,310,41,2022-05-01
3565,310,44,2022-05-01
2931,310,25,2022-04-01
3566,310,25,2022-05-01
3567,310,8,2022-05-01
3568,314,32,2022-05-01
3569,326,27,2022-05-01
3570,326,2,2022-05-01
3571,326,26,2022-05-01
3572,326,45,2022-05-01
2989,266,26,2022-04-07
3573,266,26,2022-05-01
3574,335,20,2022-05-01
3575,335,21,2022-05-01
3576,335,44,2022-05-01
3577,335,27,2022-05-01
3578,343,47,2022-05-01
3579,343,44,2022-05-01
2944,343,27,2022-04-01
3580,343,27,2022-05-01
3581,343,31,2022-05-01
3582,356,30,2022-05-01
3583,356,10,2022-05-01
3584,356,2,2022-05-01
3585,356,11,2022-05-01
3586,356,32,2022-05-01
3588,337,2,2022-05-01
3589,335,26,2022-05-01
3096,337,23,2022-04-13
3590,337,23,2022-05-01
3591,337,3,2022-05-01
3592,337,33,2022-05-01
3593,401,41,2022-05-01
3594,402,11,2022-05-01
3101,402,30,2022-04-13
3595,402,30,2022-05-01
3596,402,2,2022-05-01
3597,402,32,2022-05-01
3598,402,28,2022-05-01
3599,401,27,2022-05-01
3106,343,20,2022-04-13
3600,343,20,2022-05-01
3601,401,44,2022-05-01
3602,408,44,2022-05-01
3603,408,47,2022-05-01
3604,408,32,2022-05-01
3119,408,26,2022-04-19
3605,408,26,2022-05-01
3606,408,8,2022-05-01
3607,424,21,2022-05-01
3608,424,26,2022-05-01
3609,424,41,2022-05-01
3162,424,3,2022-04-25
3610,424,3,2022-05-01
3611,424,56,2022-05-01
3612,406,26,2022-05-01
3613,406,55,2022-05-01
3614,406,41,2022-05-01
3190,406,21,2022-04-27
3615,406,21,2022-05-01
3616,406,34,2022-05-01
2951,370,35,2022-04-01
3617,370,35,2022-05-01
3618,370,41,2022-05-01
3619,370,32,2022-05-01
3620,370,21,2022-05-01
3621,370,27,2022-05-01
3622,372,26,2022-05-01
3623,372,25,2022-05-01
2958,372,21,2022-04-04
3624,372,21,2022-05-01
3625,372,11,2022-05-01
3626,372,8,2022-05-01
3627,373,3,2022-05-01
3628,373,8,2022-05-01
3629,373,25,2022-05-01
2964,373,42,2022-04-04
3630,373,42,2022-05-01
3631,373,1,2022-05-01
3632,369,11,2022-05-01
3633,369,29,2022-05-01
3634,369,2,2022-05-01
2969,369,34,2022-04-04
3635,369,34,2022-05-01
3636,369,4,2022-05-01
3637,374,26,2022-05-01
3638,374,31,2022-05-01
3639,374,45,2022-05-01
2974,374,41,2022-04-04
3640,374,41,2022-05-01
3641,374,39,2022-05-01
3642,376,30,2022-05-01
3643,376,32,2022-05-01
3644,376,31,2022-05-01
2981,376,14,2022-04-07
3645,376,14,2022-05-01
3646,376,2,2022-05-01
3647,368,34,2022-05-01
3648,368,21,2022-05-01
3649,368,45,2022-05-01
3033,368,12,2022-04-11
3650,368,12,2022-05-01
3651,368,26,2022-05-01
3652,361,47,2022-05-01
3653,361,26,2022-05-01
3654,361,42,2022-05-01
3655,361,8,2022-05-01
3656,362,10,2022-05-01
3040,362,33,2022-04-11
3657,362,33,2022-05-01
3658,362,5,2022-05-01
3659,362,8,2022-05-01
3660,362,41,2022-05-01
3661,363,42,2022-05-01
3045,363,26,2022-04-11
3662,363,26,2022-05-01
3663,364,41,2022-05-01
3664,364,34,2022-05-01
3665,364,15,2022-05-01
3666,365,12,2022-05-01
3050,365,8,2022-04-11
3667,365,8,2022-05-01
3668,365,30,2022-05-01
3669,365,25,2022-05-01
3670,399,26,2022-05-01
3671,399,3,2022-05-01
3089,399,8,2022-04-13
3672,399,8,2022-05-01
3673,399,5,2022-05-01
3674,399,2,2022-05-01
3675,410,44,2022-05-01
3676,410,41,2022-05-01
3123,410,1,2022-04-21
3677,410,1,2022-05-01
3678,410,47,2022-05-01
3679,410,8,2022-05-01
3680,375,30,2022-05-01
2984,377,44,2022-04-07
3681,377,44,2022-05-01
3682,377,47,2022-05-01
3683,377,26,2022-05-01
3684,377,11,2022-05-01
3685,377,25,2022-05-01
2991,380,41,2022-04-08
3686,380,41,2022-05-01
3687,380,42,2022-05-01
3688,381,34,2022-05-01
3689,381,42,2022-05-01
3690,382,42,2022-05-01
2996,382,8,2022-04-08
3691,382,8,2022-05-01
3692,382,44,2022-05-01
3693,382,26,2022-05-01
3694,382,25,2022-05-01
3695,383,47,2022-05-01
3001,383,26,2022-04-08
3696,383,26,2022-05-01
3697,383,44,2022-05-01
3698,383,5,2022-05-01
3699,383,25,2022-05-01
3700,384,21,2022-05-01
3011,384,2,2022-04-11
3701,384,2,2022-05-01
3702,384,35,2022-05-01
3703,384,47,2022-05-01
3704,384,31,2022-05-01
3705,388,10,2022-05-01
3016,385,11,2022-04-11
3706,385,11,2022-05-01
3707,385,12,2022-05-01
3708,385,25,2022-05-01
3709,385,4,2022-05-01
3710,385,55,2022-05-01
3021,392,44,2022-04-11
3711,392,44,2022-05-01
3712,392,10,2022-05-01
3713,392,8,2022-05-01
3714,392,5,2022-05-01
3715,392,20,2022-05-01
3026,375,12,2022-04-11
3716,375,12,2022-05-01
3717,375,21,2022-05-01
3718,375,34,2022-05-01
3719,375,35,2022-05-01
3720,394,29,2022-05-01
3721,394,20,2022-05-01
3055,394,38,2022-04-11
3722,394,38,2022-05-01
3723,394,14,2022-05-01
3724,391,2,2022-05-01
3725,391,33,2022-05-01
3726,391,6,2022-05-01
3060,391,31,2022-04-12
3727,391,31,2022-05-01
3728,391,3,2022-05-01
3729,395,25,2022-05-01
3730,395,39,2022-05-01
3731,395,34,2022-05-01
3065,395,14,2022-04-12
3732,395,14,2022-05-01
3733,395,45,2022-05-01
3734,396,33,2022-05-01
3735,396,10,2022-05-01
3736,396,2,2022-05-01
3071,398,25,2022-04-12
3737,398,25,2022-05-01
3738,398,2,2022-05-01
3739,398,26,2022-05-01
3740,390,2,2022-05-01
3741,398,37,2022-05-01
3076,390,45,2022-04-12
3742,390,45,2022-05-01
3743,390,32,2022-05-01
3744,390,33,2022-05-01
3745,390,23,2022-05-01
3746,387,8,2022-05-01
3081,387,26,2022-04-12
3747,387,26,2022-05-01
3748,387,30,2022-05-01
3749,387,55,2022-05-01
3750,387,1,2022-05-01
3751,388,34,2022-05-01
3112,388,2,2022-04-19
3752,388,2,2022-05-01
3753,388,31,2022-05-01
3754,388,26,2022-05-01
3755,414,4,2022-05-01
3756,415,34,2022-05-01
3133,414,10,2022-04-22
3757,414,10,2022-05-01
3758,414,41,2022-05-01
3759,415,55,2022-05-01
3760,415,45,2022-05-01
3761,415,35,2022-05-01
3138,414,26,2022-04-22
3762,414,26,2022-05-01
3763,415,14,2022-05-01
3764,414,35,2022-05-01
3765,417,47,2022-05-01
3766,417,8,2022-05-01
3143,417,21,2022-04-22
3767,417,21,2022-05-01
3768,417,44,2022-05-01
3769,417,45,2022-05-01
3770,421,47,2022-05-01
3771,421,8,2022-05-01
3154,421,45,2022-04-23
3772,421,45,2022-05-01
3773,421,40,2022-05-01
3774,421,27,2022-05-01
3775,422,41,2022-05-01
3776,422,34,2022-05-01
3165,427,42,2022-04-25
3777,427,42,2022-05-01
3778,427,2,2022-05-01
3779,427,1,2022-05-01
3780,427,3,2022-05-01
3781,427,23,2022-05-01
3170,429,47,2022-04-25
3782,429,47,2022-05-01
3783,429,8,2022-05-01
3784,429,40,2022-05-01
3785,429,44,2022-05-01
3786,429,56,2022-05-01
3175,430,42,2022-04-26
3787,430,42,2022-05-01
3788,430,44,2022-05-01
3789,432,41,2022-05-01
3790,432,34,2022-05-01
3791,432,8,2022-05-01
3185,432,21,2022-04-26
3792,432,21,2022-05-01
3793,432,26,2022-05-01
3794,434,42,2022-05-01
3795,434,11,2022-05-01
3796,418,38,2022-05-01
3147,418,44,2022-04-22
3797,418,44,2022-05-01
3798,418,42,2022-05-01
3799,418,31,2022-05-01
3800,418,10,2022-05-01
3801,409,15,2022-05-01
3180,409,20,2022-04-26
3802,409,20,2022-05-01
3803,409,12,2022-05-01
3804,436,26,2022-05-01
3805,436,3,2022-05-01
3806,436,42,2022-05-01
3204,436,44,2022-04-29
3807,436,44,2022-05-01
3808,436,1,2022-05-01
3809,39,14,2022-05-01
3810,329,40,2022-05-01
3811,39,34,2022-05-01
3812,2,1,2022-05-01
3813,329,30,2022-05-01
3814,329,14,2022-05-01
3815,1,3,2022-05-01
3816,350,28,2022-05-01
3817,1,8,2022-05-01
3818,350,40,2022-05-01
3819,157,47,2022-05-01
3820,2,25,2022-05-01
3821,39,12,2022-05-01
3822,39,44,2022-05-01
3823,184,25,2022-05-01
2576,184,42,2022-04-01
3824,184,42,2022-05-01
3825,184,26,2022-05-01
3826,184,44,2022-05-01
3827,38,40,2022-05-01
3828,38,31,2022-05-01
3829,157,11,2022-05-01
3830,39,41,2022-05-01
2587,38,38,2022-04-01
3831,38,38,2022-05-01
3832,157,12,2022-05-01
3833,157,37,2022-05-01
3834,315,10,2022-05-01
3835,157,14,2022-05-01
3836,2,3,2022-05-01
3837,360,30,2022-05-01
3005,371,8,2022-04-10
3838,371,8,2022-05-01
3839,371,42,2022-05-01
3840,371,38,2022-05-01
3841,371,2,2022-05-01
3842,371,23,2022-05-01
3843,329,20,2022-05-01
3844,329,55,2022-05-01
3845,38,29,2022-05-01
3109,38,42,2022-04-13
3846,38,42,2022-05-01
3847,350,30,2022-05-01
3848,1,10,2022-05-01
3849,184,37,2022-05-01
3850,360,55,2022-05-01
3940,488,42,2022-05-11
3852,350,3,2022-05-01
3853,350,15,2022-05-01
3854,437,1,2022-05-01
3855,438,8,2022-05-02
3856,438,44,2022-05-02
3857,438,26,2022-05-02
3858,438,27,2022-05-02
3859,438,47,2022-05-02
3861,439,2,2022-05-03
3862,439,26,2022-05-03
3863,360,41,2022-05-03
3864,440,15,2022-05-03
3865,440,30,2022-05-03
3866,440,34,2022-05-03
3867,440,2,2022-05-03
3868,440,57,2022-05-03
3870,439,32,2022-05-04
3871,443,57,2022-05-04
3872,443,2,2022-05-04
3873,443,23,2022-05-04
3874,443,33,2022-05-04
3875,443,28,2022-05-04
3876,439,21,2022-05-04
3877,447,25,2022-05-06
3878,447,12,2022-05-06
3879,447,42,2022-05-06
3880,447,45,2022-05-06
3881,447,15,2022-05-06
3882,448,21,2022-05-06
3883,448,31,2022-05-06
3884,448,57,2022-05-06
3885,448,23,2022-05-06
3886,448,25,2022-05-06
3889,451,31,2022-05-09
3890,451,2,2022-05-09
3891,451,32,2022-05-09
3892,451,42,2022-05-09
3893,451,3,2022-05-09
3894,366,3,2022-05-09
3895,366,26,2022-05-09
3896,452,14,2022-05-09
3897,452,34,2022-05-09
3898,452,39,2022-05-09
3899,452,45,2022-05-09
3900,452,27,2022-05-09
3901,366,6,2022-05-09
3902,366,5,2022-05-09
3903,366,59,2022-05-09
3904,1,2,2022-05-09
3905,453,42,2022-05-09
3906,453,1,2022-05-09
3907,453,44,2022-05-09
3908,453,8,2022-05-09
3909,453,41,2022-05-09
3910,360,47,2022-05-10
3911,164,1,2022-05-10
3912,305,57,2022-05-10
3913,305,38,2022-05-10
3914,337,57,2022-05-10
3915,71,47,2022-05-10
3916,71,1,2022-05-10
3917,71,57,2022-05-10
3918,69,25,2022-05-10
3919,468,47,2022-05-11
3920,468,25,2022-05-11
3921,468,8,2022-05-11
3922,468,44,2022-05-11
3923,468,41,2022-05-11
3924,470,47,2022-05-11
3925,456,6,2022-05-11
3926,470,8,2022-05-11
3927,456,2,2022-05-11
3928,470,25,2022-05-11
3929,470,44,2022-05-11
3930,456,57,2022-05-11
3931,456,33,2022-05-11
3932,470,26,2022-05-11
3933,456,32,2022-05-11
3934,2,14,2022-05-11
3935,411,42,2022-05-11
3936,486,44,2022-05-11
3937,487,42,2022-05-11
3938,486,42,2022-05-11
3939,488,41,2022-05-11
3941,486,1,2022-05-11
3942,488,26,2022-05-11
3943,486,41,2022-05-11
3944,488,44,2022-05-11
3945,488,3,2022-05-11
3946,487,25,2022-05-11
3947,486,3,2022-05-11
3948,487,26,2022-05-11
3949,487,1,2022-05-11
3950,487,2,2022-05-11
3951,491,12,2022-05-11
3952,491,10,2022-05-11
3953,492,2,2022-05-11
3954,491,34,2022-05-11
3955,492,8,2022-05-11
3956,491,42,2022-05-11
3957,492,32,2022-05-11
3958,491,8,2022-05-11
3959,492,45,2022-05-11
3960,492,57,2022-05-11
3961,495,42,2022-05-11
3962,495,57,2022-05-11
3963,495,26,2022-05-11
3964,496,8,2022-05-11
3965,496,41,2022-05-11
3966,496,42,2022-05-11
3967,495,5,2022-05-11
3968,496,3,2022-05-11
3969,496,37,2022-05-11
3970,495,32,2022-05-11
3971,498,10,2022-05-11
3972,498,12,2022-05-11
3973,498,39,2022-05-11
3974,498,21,2022-05-11
3975,501,41,2022-05-11
3976,501,45,2022-05-11
3977,501,42,2022-05-11
3978,501,15,2022-05-11
3979,501,25,2022-05-11
3980,504,34,2022-05-11
3981,505,42,2022-05-11
3982,505,21,2022-05-11
3983,506,57,2022-05-11
3984,505,26,2022-05-11
3985,505,25,2022-05-11
3986,505,57,2022-05-11
3987,506,41,2022-05-11
3988,506,42,2022-05-11
3989,506,8,2022-05-11
3990,506,3,2022-05-11
3991,510,47,2022-05-11
3992,510,3,2022-05-11
3993,509,1,2022-05-11
3994,510,1,2022-05-11
3995,510,29,2022-05-11
3996,510,41,2022-05-11
3997,509,20,2022-05-11
3998,509,59,2022-05-11
3999,509,26,2022-05-11
4000,509,57,2022-05-11
4001,503,2,2022-05-11
4002,503,47,2022-05-11
4003,503,32,2022-05-11
4004,503,57,2022-05-11
4005,503,1,2022-05-11
4006,508,5,2022-05-11
4007,508,29,2022-05-11
4008,508,15,2022-05-11
4009,508,41,2022-05-11
4010,508,42,2022-05-11
4011,511,11,2022-05-11
4012,511,21,2022-05-11
4013,511,20,2022-05-11
4014,511,40,2022-05-11
4015,511,35,2022-05-11
4016,515,57,2022-05-11
4017,515,40,2022-05-11
4018,515,10,2022-05-11
4019,515,33,2022-05-11
4020,515,32,2022-05-11
4021,513,42,2022-05-11
4022,513,41,2022-05-11
4023,513,8,2022-05-11
4024,513,25,2022-05-11
4025,513,57,2022-05-11
4026,513,57,2022-05-11
4027,518,4,2022-05-11
4028,518,39,2022-05-11
4029,518,26,2022-05-11
4030,518,1,2022-05-11
4031,518,25,2022-05-11
4032,367,21,2022-05-12
4033,367,26,2022-05-12
4034,367,11,2022-05-12
4035,367,56,2022-05-12
4036,367,40,2022-05-12
